,frame,nariz_x,cuello_x,hombroI_x,hombroD_x,codoI_x,codoD_x,manoI_x,manoD_x,caderaI_x,caderaD_x,caderaM_x,rodillaI_x,rodillaD_x,tobilloI_x,tobilloD_x,nariz_y,cuello_y,hombroI_y,hombroD_y,codoI_y,codoD_y,manoI_y,manoD_y,caderaI_y,caderaD_y,caderaM_y,rodillaI_y,rodillaD_y,tobilloI_y,tobilloD_y,angCuelloI,angCuelloD,angCodoI,angCodoD,angHombroI,angHombroD,angCaderaI,angCaderaD,angCaderaTorsoI,angCaderaTorsoD,angRodillaI,angRodillaD
0,0,586.4988,553.692626953125,603.576,503.8092,602.6772,484.0356,602.6772,484.0356,576.61194,519.9876,548.2998046875,568.52277,502.01157,549.64795,498.41638,158.81296,169.16233825683594,167.81242,170.51225,224.50906,240.70811,271.30627,304.6043,306.4042,305.50427,305.9542236328125,392.79907,393.699,445.89594,473.79428,15.958832945733281,164.04116515852536,180.90827354687195,195.7320926497391,272.45835241084393,252.7177900393624,274.4384638765559,259.3901463096664,88.6529253356146,91.34713837027871,165.7797970437999,188.95027487942838
1,1,596.11865,558.5208740234375,604.17523,512.8665,605.07043,486.01105,605.07043,489.59174,580.0053,526.29425,553.1497802734375,574.6342,505.70508,548.6739,500.33395,155.41592,174.724609375,177.86789,171.58134,226.36415,247.91805,270.37003,304.49704,306.29318,306.29318,306.2931823730469,395.203,396.99918,444.59735,467.94736,31.12175362041134,148.87826543887655,181.05758148212843,203.00323883256786,265.003914726228,254.55653484359374,273.45706988822246,257.21124681920725,87.66228202812013,92.33771797187987,155.73187843503746,188.45941650453625
2,2,596.199,558.609130859375,604.25397,512.96436,605.1489,486.11444,605.1489,489.69443,580.08905,526.3893,553.2391357421875,574.71906,505.80435,548.76416,500.4344,155.3985,174.28631591796875,177.88399,170.68864,225.55322,248.03871,270.5242,304.70212,306.50098,306.50098,306.5009765625,394.64407,396.4429,445.01157,467.49704,31.18488280875099,148.81511118985972,181.0755585400239,202.75814432439114,264.4177678923704,255.3636570673915,273.48635620362177,257.10878901340845,87.67416838483607,92.32583161516393,156.2238296401968,188.5692322860117
3,3,595.43207,558.260009765625,603.4934,513.0267,605.28485,486.15536,605.28485,489.7382,580.20496,526.4623,553.3336181640625,574.8307,505.86096,548.85504,500.48672,155.33086,174.66030883789062,177.80698,171.51366,226.35536,247.93242,270.4085,304.5722,306.3703,306.3703,306.37030029296875,395.3757,397.17377,444.82312,468.1983,31.45378792018867,148.54622596231866,182.11331016175896,202.99281596389443,263.9073582732578,254.60604249852554,273.4554022097781,257.2172351143792,87.85794588914843,92.14205411085159,155.74163194517226,188.45556427784436
4,4,609.2825,571.2445068359375,615.5475,526.9415,615.5475,499.19623,612.8625,500.98627,586.90717,533.2066,560.056884765625,576.1671,510.83133,551.10675,499.19623,154.37123,176.39651489257812,179.54298,173.25005,227.18954,241.57343,274.8361,306.3008,305.4018,304.50284,304.95233154296875,393.50296,399.79593,444.7455,477.1092,34.13472853051185,145.86527146948816,176.77457111682287,203.68560205140884,265.9375823735675,251.96093881410485,275.99137987317584,257.7451333536308,85.9853608797665,94.01457401705694,160.88927231504405,184.6556431746211
5,5,612.5229,572.0772705078125,616.1181,528.03644,617.91565,499.2751,613.42175,500.17386,588.25555,533.4292,560.8424072265625,577.47003,515.4533,550.5062,499.2751,156.5787,175.91188049316406,179.95836,171.8654,227.61687,242.00436,272.57773,304.94952,304.05032,300.45346,302.25189208984375,392.1736,392.1736,447.02582,472.20392,30.797601675521754,149.20239832447825,187.86786748089978,203.11473484057916,262.590381427907,252.95291449507585,273.2243062505527,262.6648476391752,88.67179821413968,91.32821011907623,160.80035691242884,179.66023041850488
6,6,612.09076,571.70849609375,617.475,525.942,620.1672,499.0205,616.57764,498.12308,587.8614,532.22363,560.04248046875,577.9902,514.276,551.06866,499.91785,156.40877,179.35765075683594,183.40746,175.30785,228.40527,241.00465,272.5031,300.4018,305.8015,304.00162,304.90155029296875,391.29733,392.19736,447.09467,471.3935,34.66602958613127,145.33397041386874,188.07747232614912,201.41741917145265,261.51925672350274,252.7738047107183,274.7332032145884,260.3503590797176,86.54402105971717,93.45603766615874,160.82939887677972,181.22620519235772
7,7,603.70337,568.2604370117188,617.16266,519.3582,617.16266,493.3369,615.36816,493.3369,586.6549,530.12573,558.3903198242188,576.7847,506.79623,548.9688,495.13147,154.02512,175.6175994873047,178.31667,172.91853,230.49854,239.4954,279.08163,301.57382,304.2729,302.47348,303.3731689453125,390.64282,398.74002,445.52374,464.41718,34.509666017043386,145.4903339829566,177.88465444186838,201.34783320418856,266.84087245893033,251.8112865823365,274.6961365639149,258.2005788332847,87.40545382705425,92.59460797319461,159.64158799897947,183.5514884537752
8,8,597.13007,562.9605102539062,611.5173,514.40375,614.21484,489.22617,612.41644,488.32693,582.7429,526.0933,554.4180908203125,573.75085,503.6133,552.1701,472.14136,151.26389,171.93499755859375,172.83372,171.03625,232.1508,240.23952,281.5817,300.4553,309.44275,305.84778,307.645263671875,393.92465,401.1146,443.35553,475.7103,32.232489871737755,147.76749212943446,184.68747185615337,199.13687364909876,266.33579094784625,251.06793692413447,272.44445607503496,260.3539599836971,90.02931569783425,89.97067649867468,162.49022767536002,170.40226416838942
9,9,589.8654,554.7933349609375,603.3547,506.23193,608.75037,484.6491,606.9518,481.9512,578.1747,520.6204,549.3975830078125,574.5776,498.13837,549.3976,498.13837,151.91266,171.22799682617188,173.47398,168.98203,234.56433,239.05629,284.87405,300.14664,306.43533,307.33374,306.884521484375,389.087,403.4612,442.0919,477.12897,31.49108098919246,148.5089402991864,187.09489497252943,194.59009868089132,262.30448273708987,255.5292541258264,273.38628331224123,255.94208207299144,86.8279851497407,93.17207370003425,157.08193362638218,193.16358635197747
10,10,589.78143,554.7224731445312,603.2657,506.17926,608.65936,484.60452,607.76044,482.8066,578.09515,520.56244,549.3287963867188,574.4993,498.08878,549.3288,498.08878,152.17288,171.50466918945312,173.75256,169.25679,233.99582,238.4916,284.34845,300.5332,305.9281,307.72644,306.8272705078125,389.54938,403.93585,443.4986,476.7673,31.523994714627015,148.47602325685574,186.13894169629444,195.6479993606779,262.23255057587977,255.34337029558677,274.25262797759325,255.0616214655976,85.92716700180124,94.07283299819876,157.45040867172602,193.1480408414265
11,11,572.91235,542.8820190429688,592.6338,493.13022,598.0123,472.51236,598.9088,473.40878,569.3266,510.16232,539.7444458007812,567.53375,492.2338,548.70874,499.40518,148.23212,171.61068725585938,172.50987,170.71152,239.94807,241.74643,292.99942,301.99118,306.48706,308.28543,307.38623046875,403.59808,418.88406,460.24615,493.5157,38.9361230585446,141.06389514321523,183.59188219252664,197.03781991337044,264.404603199831,254.8500466698997,272.7986731685256,259.0511271901586,86.9352057147417,93.06485513326028,162.67524383959733,194.69652668853846
12,12,572.9369,542.4442138671875,591.7705,493.11795,597.15155,472.4906,599.8421,474.28427,570.24634,510.158,540.2021484375,567.5558,493.11795,548.72217,498.49902,146.99245,171.6936492919922,173.04099,170.34631,239.50964,243.10255,291.60672,303.28366,305.0801,312.2659,308.6730041503906,402.08844,413.76538,462.26953,491.91095,40.574526184864915,139.42547284759726,181.67210726213284,197.5359182887828,263.80702053371755,255.73590313664909,278.40815293877523,253.65042924852054,82.24282475397443,97.75718210769601,164.21124410090647,193.4692646380922
13,13,561.44885,538.9918212890625,591.09216,486.89148,597.3801,469.82413,600.97327,470.7224,566.83856,506.65366,536.74609375,563.2454,490.4846,549.7712,512.94165,147.36447,174.81414794921875,177.96411,171.6642,246.36334,244.56335,301.26273,308.46265,318.36252,318.36252,318.3625183105469,415.56143,421.86133,506.4604,506.4604,54.17270315079378,125.82731356848463,181.50792317486406,193.98230746740856,261.28767782623737,260.282938160307,272.11708156242423,261.12075721493466,89.10371525723409,90.89628474276593,173.6853448571178,203.74570771610493
14,14,559.0131,539.7628784179688,592.1415,487.38428,601.0951,472.16315,601.9904,471.26776,567.96674,507.9776,537.97216796875,559.9085,489.175,548.2688,510.6637,151.14177,178.5758056640625,182.62344,174.52815,250.98364,242.88835,306.75116,307.65063,317.54486,317.54486,317.54486083984375,417.38672,421.8841,505.53543,500.13852,59.361806168654766,120.6381772391806,186.54211410262195,191.76063817570017,258.1192085830912,261.8661084203475,274.6143353267851,259.78456427535474,89.26174591238183,90.73825408761819,177.09216125285013,205.5704064132522
15,15,559.8632,541.4944458007812,593.9126,489.07632,603.769,473.8437,602.873,472.0516,569.7196,509.68518,539.702392578125,560.7593,489.97235,548.2148,510.5812,153.61313,180.60107421875,185.09908,176.10309,254.36815,244.47255,310.14325,309.24365,320.93845,320.93845,320.9384460449219,420.79385,425.2918,502.6573,501.7577,60.66420296660964,119.33581074867186,189.01865873339855,190.97539864758048,256.99713759117105,262.3442364281431,275.12758999287735,259.3026202222409,89.26839512105572,90.73160487894428,176.41559003442535,205.7811587302821
16,16,561.3425,543.821044921875,595.4869,492.15524,609.8635,475.98157,608.0664,474.18454,571.22644,510.12598,540.6762084960938,558.6469,495.74942,546.96594,594.5884,155.38686,183.25238037109375,187.74681,178.75793,259.6578,246.1745,318.9844,310.8944,322.57993,318.9844,320.78216552734375,424.1542,418.7609,505.95297,457.41306,62.8105113183051,117.18946896534946,193.04072490918728,191.90019260082187,253.72265336662198,261.4810157048789,273.69213768689866,265.1685640705783,92.0578151842629,87.94218481573711,178.9330201775736,256.8405998707384
17,17,564.4981,546.0805053710938,597.7396,494.42142,613.01276,479.14825,611.21594,479.14825,576.17755,515.98346,546.0805053710938,564.4981,498.01508,547.42816,515.98346,157.45984,183.9826202392578,188.02847,179.93677,262.6519,256.35837,319.2938,313.89932,321.09195,320.19284,320.64239501953125,420.88953,423.58676,506.3019,512.5954,59.70178482505462,120.29821254023238,193.38390093384538,191.30189535028543,253.95488550858073,263.1762792726248,275.819283646408,260.9970297451328,90.85575365197467,89.14424634802535,175.37318022367634,201.2717722175913
18,18,566.2314,547.8726806640625,600.2621,495.4833,613.69525,480.25903,612.79974,479.36346,576.9779,517.87195,547.4249267578125,566.2314,501.7521,548.3205,513.3942,159.00029,186.89891052246094,190.49873,183.29909,265.195,257.09546,319.19238,314.6926,326.392,320.99228,323.692138671875,419.0874,419.98737,504.58313,506.3831,60.58383630289689,119.41616141454679,191.14507420694193,190.76582112308782,255.87428793799154,262.2741273498482,271.39313125959524,265.97128550667895,95.03231721663646,84.96768278336356,174.78097550187954,196.92312737682758
19,19,567.54095,548.2453002929688,600.7474,495.74326,614.2094,480.48627,613.31195,479.5888,578.3106,519.975,549.142822265625,566.6435,502.02557,547.7966,523.5649,159.33575,188.11587524414062,190.81401,185.41774,260.96558,257.36807,319.4252,316.72708,323.9221,323.02274,323.472412109375,417.4575,416.55817,501.09976,491.20657,59.101993624283885,120.89800466869748,191.7424971932646,191.10597820413278,256.19513891323516,260.96973531643596,276.2267989698842,260.02028001595875,91.26316392268929,88.73683792526771,174.41176279610534,206.95812326768035
20,20,569.83704,549.2222290039062,602.1037,496.3408,614.65186,482.0001,614.65186,481.10376,579.69635,518.74817,549.2222900390625,565.3556,500.8223,548.326,507.09634,163.74199,190.69302368164062,194.2865,187.09955,264.35922,257.17227,317.36295,315.5662,325.44827,324.5499,324.99908447265625,419.77692,421.57364,501.52838,500.63004,56.475144840767975,123.52485292267606,190.15253843751236,190.68672753249905,255.95999506472768,262.3213410507343,277.79998870093635,260.37669000887973,90.84450577595663,89.15549591516641,176.8774474261016,195.00537418242808
21,21,571.7685,549.3116455078125,601.41156,497.2118,614.8857,481.04288,613.98737,481.04288,579.85297,518.7704,549.3116455078125,564.58234,500.8049,548.4134,515.17725,165.76155,189.577392578125,191.82417,187.33063,265.51846,257.43005,319.4411,314.94754,325.7321,321.23853,323.48529052734375,418.2993,420.99542,503.67682,506.37292,49.15156893392047,130.84844492624566,191.31580161543556,192.98848762241502,257.16927958149614,259.48080032095527,275.16017348779735,263.9982642014078,94.20742872996586,85.79261983508023,178.64389827000699,199.7646363357146
22,22,572.58624,551.0401000976562,603.11,498.97018,614.7808,481.91284,613.88306,481.01505,578.87054,518.7208,548.795654296875,567.1997,499.86795,547.4491,503.45895,165.20549,190.35675048828125,194.84805,185.86546,264.91232,259.52277,317.90967,317.01138,324.19748,322.40094,323.2991943359375,418.51474,419.413,502.9511,502.9511,54.344435308992175,125.65558423230651,190.4276038157671,192.1438527692729,255.6130210645485,261.8912879015536,275.34311806202686,260.71324298904096,90.74359363515525,89.2564609823469,173.88855664530402,193.45895105244549
23,23,572.60284,551.5089111328125,603.1216,499.89627,613.8929,481.94406,613.8929,481.04645,578.8861,518.7461,548.8161010742188,567.21716,499.89627,547.46967,503.48676,164.51407,189.711669921875,194.21124,185.2121,264.40457,258.10516,317.49954,315.6997,323.79895,321.9991,322.8990478515625,417.39005,419.18988,501.08212,501.08212,55.04836066183863,124.95163640697604,188.7241136556309,192.9426433927059,256.29347836885495,261.14688542980736,275.3927940272159,260.73817606681064,90.5559137371013,89.4440281663462,173.83060932038563,193.48651769593567
24,24,573.9705,551.076416015625,604.496,497.6568,614.3719,481.49625,614.3719,481.49625,578.4596,518.3064,548.3829956054688,567.68585,500.3502,547.9341,598.2113,165.38211,191.0305938720703,195.08035,186.98083,265.27618,258.97656,317.47308,317.47308,325.57257,321.9728,323.772705078125,420.96692,420.06696,504.66196,459.6646,52.58289064399586,127.41711429049087,188.00844643439697,192.65124020195645,257.65624341424893,261.6840913959762,273.0189726734362,263.0515171005482,92.26224387271162,87.73769819889982,173.1649390838762,258.3434054126813
25,25,574.68134,550.9579467773438,604.22375,497.6921,614.0712,482.47333,614.96643,481.57806,578.26227,518.2822,548.272216796875,565.7291,501.27304,548.71985,503.95868,164.32877,189.977783203125,194.02763,185.92795,263.32504,257.92526,315.52304,315.52304,327.22263,320.92285,324.07275390625,420.8191,420.8191,496.41623,496.41623,51.5814129653128,128.41860583506013,187.10530418082453,191.0449982752229,257.5642753911433,262.412391334866,271.6310623217351,266.3328970853576,94.84842581038599,85.15150440832755,174.94653928736065,191.69762285041762
26,26,576.1582,550.9682006835938,604.9468,496.9896,613.94324,482.5953,613.94324,480.796,578.8571,518.58105,548.7191162109375,566.26215,501.4878,547.3696,500.58813,163.1552,192.34963989257812,196.39195,188.30733,261.96716,260.1706,316.76294,316.76294,323.94925,317.66122,320.80523681640625,415.57492,415.57492,491.0314,491.0314,53.493943364015635,126.50605904828109,187.811832608949,189.50544631554536,257.9054529048668,262.95621653415134,271.87130775451897,266.0529678838917,94.95251507531165,85.04749689916146,173.7703943726628,189.2194936157536
27,27,574.75775,550.5203857421875,604.3813,496.65945,613.35803,482.2965,613.35803,481.39883,579.24615,518.2038,548.7249755859375,565.7809,500.25015,546.9296,500.25015,162.82016,192.06167602539062,195.21075,188.91258,261.7914,260.89166,317.57523,317.57523,324.77313,318.47498,321.6240539550781,417.44617,417.44617,493.02426,493.02426,53.69183676973082,126.30814894527471,187.6785892786204,190.3774702272592,258.9752963006231,262.0613391221783,272.37639561234226,265.60894981044146,95.09682715548485,84.90317284451515,174.2618128230669,190.28182025812237
28,28,574.6811,551.8404541015625,606.9268,496.75403,613.1968,482.4226,613.1968,481.5269,577.3682,515.56396,546.466064453125,566.6197,499.44113,547.8097,501.23257,163.3431,193.01223754882812,197.50755,188.5169,263.1393,261.3412,317.9823,317.08322,326.07385,318.88135,322.47760009765625,417.77847,417.77847,495.09808,495.09808,57.07458721517723,122.9254021652978,185.45704293031704,190.2126167814518,259.87768142360676,263.53205832258186,270.04707275805595,267.3787116489368,94.26085434290822,85.73913266336488,173.01199748798126,190.5865423177533
29,29,573.833,550.5631713867188,604.2629,496.86346,613.21277,481.6486,613.21277,480.75357,577.413,515.6584,546.5357055664062,566.67303,498.65344,547.8782,501.33844,162.7816,192.930419921875,196.98027,188.88057,262.67767,260.87778,318.47552,316.67557,325.6752,319.37546,322.52532958984375,418.37155,418.37155,494.8686,494.8686,56.650765110174376,123.34923488982562,187.75762822769576,191.01351110314914,257.92952012628217,262.38037032432027,270.78420401975006,266.07793678551883,94.04470718067377,85.95529281932623,172.80516569953494,191.7570045150617
30,30,573.96204,550.2352905273438,604.40393,496.06665,613.35736,482.63638,613.35736,480.84567,577.54346,515.7643,546.6538696289062,565.00854,500.5434,547.1015,501.43872,162.7861,190.62701416015625,194.21939,187.03465,263.3726,261.57645,317.25824,315.46207,328.03537,320.85062,324.4429931640625,420.53906,416.04858,499.5713,499.5713,53.35571250908377,126.64430355991739,187.3771730305477,188.31013589003643,258.82860947135214,263.5807294490369,271.08343617776706,267.5496013479642,95.1004617660654,84.8995382339346,174.95052811783594,189.69813961240976
31,31,573.1614,550.3143310546875,604.5201,496.1086,613.4797,482.66916,613.4797,480.8772,577.6412,515.81976,546.73046875,565.0977,500.5884,547.17847,501.48434,162.865,192.56106567382812,196.16058,188.96155,262.75177,260.952,317.64447,314.94485,326.6433,319.44424,323.04376220703125,418.4311,418.4311,495.8209,495.8209,56.22578613435066,123.77421173301839,187.66290716428603,188.67358391615116,258.5379529520797,263.22466114751404,271.13950412774426,267.89447865689414,95.06887016143884,84.93118564883046,174.74480282003518,189.41093015781072
32,32,573.7952,550.40625,604.3808,496.43173,614.2761,482.93814,613.3765,481.13898,578.2931,516.2224,547.2577514648438,564.7995,500.9296,547.7075,501.82922,163.62321,192.4075927734375,196.90517,187.91003,263.4691,261.67004,317.43985,314.74133,327.33447,320.13837,323.7364196777344,419.98428,416.38623,498.24182,498.24182,55.667458961425766,124.33255444377994,189.4105749879739,188.42536118133455,256.7810739061701,264.39630281484193,271.6733324248871,267.58475901251063,95.23965489350499,84.76034510649502,175.96599966249843,189.65793711895506
33,33,574.657,550.8623046875,604.2879,497.4367,614.165,483.0702,614.165,481.27438,580.0444,517.19073,548.6175537109375,564.7799,501.02838,547.71967,503.7221,164.16927,190.68112182617188,194.7253,186.63693,263.02704,263.02704,318.7469,317.84818,322.3417,321.443,321.892333984375,417.60464,417.60464,512.8676,496.6909,52.42056119233571,127.5794225367537,188.2284878086981,188.7748892819208,257.4426516466441,263.6778201804984,278.2841939874403,261.27835431305596,89.83909914028285,90.16095648644246,178.95039617882213,191.49159702429336
34,34,574.904,551.134765625,604.5032,497.76642,614.3696,482.5183,613.4727,481.6214,579.3887,518.39624,548.8924560546875,565.93445,501.3542,547.9955,504.04507,164.43968,190.4931640625,194.08676,186.89958,263.26328,261.4665,318.96387,318.96387,322.55746,321.6591,322.1082763671875,416.88913,415.99072,511.22076,495.948,51.47727524580518,128.52273666957817,189.03972303679888,190.66331364402424,258.0305734951203,262.2952001428434,277.2733017193259,260.60320892506104,89.86781997945639,90.13218002054361,177.3498916109914,192.16812726158312
35,35,576.5181,551.3798828125,604.3498,498.4099,614.2256,483.14737,614.2256,480.45398,579.21155,517.2636,548.237548828125,565.7446,502.0011,547.7887,504.6945,164.16235,190.69419860839844,194.74142,186.64697,263.09464,261.29587,317.0577,317.9571,322.454,321.55463,322.00433349609375,417.7888,416.8894,512.2241,496.93463,50.91421680316816,129.08578821185785,188.2213161100696,188.83377917294465,257.40943621870804,262.8139491016573,277.20860675312076,261.73629231091206,89.46089195093515,90.53904997059044,177.27473220936457,191.02271819815033
36,36,576.39075,551.7296142578125,606.8809,496.57825,613.1583,483.1267,614.05505,480.4364,579.97784,518.9975,549.4876708984375,567.4231,501.95886,552.178,501.0621,162.74388,193.29415893554688,196.8883,189.7,265.17715,259.78592,316.39377,319.08942,322.68356,320.88647,321.7850341796875,417.92853,418.82706,484.42032,484.42032,54.81708111795733,125.18290721176858,184.24906933408693,188.2671876605354,261.0192589647002,262.8640232090803,275.82118431865683,261.8191201243151,90.68837661449635,89.31156608798796,174.5956724696971,189.08570387029138
37,37,576.2805,551.5991821289062,606.79553,496.40283,613.07806,482.94028,613.9756,480.24777,579.8705,518.84033,549.3554077148438,567.3054,501.78787,551.15045,500.89035,163.46799,193.58462524414062,197.63014,189.53911,262.35846,260.56042,316.29868,317.1977,323.49072,321.6927,322.5917053222656,419.68414,420.58316,488.00845,488.00845,54.856422725419144,125.14357727458088,184.59052415107422,188.0116293025502,260.2643402602171,263.4584528750963,275.7544789126064,261.90378124808166,90.69110193810207,89.30889806189793,174.13903334254672,189.02107662036474
38,38,575.433,550.2499389648438,604.21375,496.28613,612.3083,480.99637,613.2077,480.097,578.1312,515.1734,546.65234375,563.7409,499.8837,547.5517,505.2801,164.30557,191.75552368164062,194.90552,188.60553,264.20538,261.5054,315.5053,319.1053,322.7053,321.80527,322.2552795410156,420.80508,423.5051,511.70493,496.4049,50.80690709865608,129.19309290134393,185.65776852964538,190.95071434392005,259.99707962737983,261.49537897283363,277.526209069239,262.26912532876395,89.23990626465479,90.76009532315621,178.24687303393247,192.78349998504459
39,39,572.8449,549.0476684570312,603.37726,494.7181,612.3573,480.34998,612.3573,479.45193,576.43695,515.3723,545.9046630859375,564.7628,498.31012,546.8026,501.9022,163.20586,190.59799194335938,193.74133,187.45464,262.8952,259.30283,316.78137,315.88324,326.66046,320.37375,323.51708984375,420.0631,420.0631,498.198,498.198,52.32839968795912,127.67158241801877,187.39881106983833,190.39949075714335,259.28994062013703,262.0025038922067,271.2462652734301,266.1656849635875,94.52346387313347,85.4766044624015,174.17907191146134,192.34441444406116
40,40,571.9247,548.5350341796875,602.51117,494.55893,611.5072,479.2657,610.6076,478.36606,577.32227,514.35016,545.836181640625,564.72784,497.2577,546.7358,501.75574,164.21461,190.72972106933594,193.87558,187.58386,264.8821,259.4892,319.70993,316.11465,323.3052,321.50757,322.4063720703125,422.17508,422.17508,499.47336,499.47336,51.91922793272931,128.0807701856336,188.16051376607814,191.0968803921583,259.4439301014079,261.32847962312337,275.6242770746386,261.99870474717227,90.46100699253266,89.5390453276793,174.15647764568695,192.96674030009768
41,41,569.6885,547.2383422851562,601.1186,493.35806,610.99664,478.09192,610.99664,478.09192,575.9745,514.01215,544.9932861328125,562.5044,496.95007,546.34033,500.54208,164.59343,190.68435668945312,193.38342,187.98529,264.4587,261.75964,319.3396,316.64056,326.5371,320.23932,323.3882141113281,424.603,424.603,494.77863,494.77863,52.15716949280321,127.84283212877668,187.91229103126153,191.69121613297617,259.2199436754953,261.17654495970737,272.0175170519396,266.51860538602205,94.8343248299897,85.16566381462691,174.84998773325336,192.21513262345115
42,42,569.8929,547.4347534179688,601.3342,493.5353,610.3175,477.36548,610.3175,478.26382,576.18115,514.1968,545.18896484375,563.6046,497.12857,547.43475,502.51855,166.05943,192.56158447265625,195.70592,189.41727,265.77942,263.08432,320.58057,315.19028,326.86917,322.37732,324.62322998046875,424.79245,424.79245,510.13843,510.13843,53.06047762498576,126.93953665421708,187.3053604216142,193.3677543666475,259.35596836562354,260.95863953068,273.17371642662545,264.68301948679357,93.17060803201318,86.82944809161272,176.59033359415096,193.0754769116843
43,43,568.05896,546.9413452148438,601.308,492.57474,611.1929,477.29816,610.2942,477.29816,575.2479,514.14166,544.69482421875,563.56586,498.86508,546.492,502.45956,167.03984,192.65505981445312,195.8008,189.50934,266.8044,264.10806,320.73117,318.9336,326.12384,321.62997,323.87689208984375,424.09082,422.29327,506.77853,506.77853,53.80878877346206,126.19122539906208,188.88030642157076,191.57323144525336,258.76288339086574,261.7382984852102,272.5940256006701,265.57671546361735,93.22528764091415,86.77477765252632,175.13333130078217,191.06551616348963
44,44,568.15607,546.166015625,599.5703,492.7617,611.2386,477.5033,611.2386,477.5033,575.3365,514.3029,544.8197021484375,561.87317,496.35187,546.61475,505.32742,165.59273,191.6893310546875,193.48909,189.88956,267.27945,265.47968,318.57275,315.8731,326.6717,325.77182,326.22174072265625,423.85898,423.85898,503.04868,503.04868,51.81133292996576,128.1886518200954,188.98561427819402,191.4121892450028,259.084196036198,260.51798815385325,277.0422373981664,260.4736718767182,90.27136970655718,89.72868757825937,176.9808564901356,196.83744948387894
45,45,567.4358,545.9386596679688,598.7858,493.0915,611.32587,477.86438,610.4302,476.96866,575.49725,514.5886,545.04296875,562.9573,496.67435,546.83435,504.73578,165.27147,192.21730041503906,194.01369,190.42091,266.7675,261.3783,318.8628,314.3718,326.94653,326.04834,326.4974365234375,423.95157,424.84976,502.9927,502.9927,53.364317817866265,126.63568218213373,190.76455070790217,191.1433529992711,258.27358254871615,259.8351459034298,276.5210019752851,260.567864062312,90.46268053427751,89.53732115869704,175.83679980415846,196.16694347343713
46,46,567.07544,545.497314453125,598.54364,492.45096,611.13086,478.06558,611.13086,478.06558,576.0664,514.9282,545.497314453125,562.58,496.94644,547.2955,505.03824,166.92401,192.08242797851562,192.98094,191.18391,266.65915,263.96362,318.773,316.97595,326.85962,325.96112,326.4103698730469,423.8992,427.49326,502.06998,502.06998,50.35103460277793,129.6489659553863,189.69483380085146,191.18075511516608,259.3347583088038,259.78963704946943,277.07021527436245,260.79877941373724,90.84196921172784,89.15803078827217,176.8487469712092,196.23572347837916
47,47,567.67615,545.6852416992188,598.19415,493.17633,611.65796,477.9173,610.7604,477.9173,575.7544,514.71844,545.2364501953125,561.393,496.7667,546.134,504.84494,166.90591,192.09280395507812,192.99232,191.19327,266.7539,260.45718,318.92673,316.22815,326.123,325.22345,325.6732177734375,427.77002,427.77002,515.0246,515.0246,49.85691713732998,130.1430662177292,191.3300084089092,192.42395882713512,258.67417233861556,258.5574798184618,277.19755740657115,260.91479855898365,90.65185743550386,89.34814425293591,178.12235868536314,195.2190634808011
48,48,567.88336,545.9501342773438,598.3212,493.579,611.74976,477.46487,610.85455,477.46487,575.9405,515.06464,545.5025634765625,560.72156,496.26474,545.5025,503.4266,167.93729,191.78147888183594,193.13115,190.43181,266.91318,261.5145,319.10046,316.40112,326.2987,325.39893,325.84881591796875,427.0742,427.0742,515.25275,500.85626,48.8666667491157,131.13333411074586,191.29779723678342,192.77281756918268,258.20866106124004,258.7034359491754,277.74100911801156,260.3710489446592,90.6555273444021,89.3444726555979,178.7953645450412,196.01997146287678
49,49,567.682,545.645751953125,598.26306,493.02838,611.75464,477.73788,610.85516,477.73788,575.777,514.615,545.1959838867188,561.3859,495.7267,546.09546,502.92227,168.69191,192.07699584960938,193.87584,190.27814,266.72937,264.03107,318.8961,317.09723,326.0915,324.29263,325.19207763671875,426.8272,425.9278,513.1721,513.1721,48.65897939081098,131.34100628258477,191.47941196681407,191.71266292696998,257.550358419745,260.24537746143744,276.4455999154927,261.1567275705645,91.49104417253083,88.50889869992041,178.08797551308132,195.24280521835607
50,50,567.9281,545.930419921875,598.4555,493.40533,611.02563,477.24377,611.02563,478.14163,576.0089,514.9541,545.4815063476562,561.64307,496.09894,546.37933,505.97543,169.3093,192.21923828125,193.56688,190.8716,266.33963,260.94904,319.34692,317.55008,327.43277,326.53436,326.98358154296875,425.36154,424.4631,504.42328,504.42328,47.633477939618096,132.36652206038193,189.80005969520468,193.8955367441927,258.7302083449174,258.4829871509626,277.5025818165299,259.94471990222644,90.65214698059123,89.3477957544718,177.4183574272316,197.9397054121356
51,51,568.0222,545.593017578125,598.52606,492.65997,611.0864,477.40802,611.0864,477.40802,576.0968,515.0892,545.593017578125,560.8449,496.24863,546.4902,504.32315,168.58583,191.492431640625,192.83987,190.14499,265.60205,264.70377,317.70337,316.80508,325.7881,324.88977,325.33892822265625,427.2958,427.2958,513.5324,513.5324,47.06150594999323,132.93849405000677,189.79400814760004,191.56108736890906,258.7478162264506,259.89709852857686,277.7013710939393,260.41896115310794,90.84359965250917,89.15640203520579,179.09452683068776,195.77375680367618
52,52,569.1325,545.324462890625,597.8818,492.7672,612.2565,477.49414,611.35803,477.49414,576.3198,515.2276,545.773681640625,561.9452,496.36087,546.6721,512.5323,168.89104,191.35491943359375,193.15202,189.5578,264.13785,263.2393,318.94968,318.05112,325.23956,324.341,324.790283203125,425.8777,425.8777,503.15338,510.34186,45.29443632830824,134.7055447841128,192.38669331502354,191.7107231532457,256.5939880504537,260.2476701503141,277.2861932866642,260.31646686917287,91.03554812399605,88.96445019250152,176.94879558217156,201.36482671484356
53,53,569.0864,545.2899169921875,597.82184,492.758,611.29156,477.49228,610.39355,477.49228,575.37225,514.3095,544.8408813476562,561.0046,499.04382,545.7389,504.43173,168.97017,190.99526977539062,191.44476,190.54579,265.1615,265.1615,319.99957,316.40363,327.19147,323.5955,325.39349365234375,425.1808,426.07977,510.58432,510.58432,43.27636057047917,136.72365607083506,191.29319368928282,191.56265831241816,259.15474738498347,258.92758108241355,274.9713294166918,264.89800173504136,93.17879146101463,86.82115146701848,178.20724427636807,192.12045254117643
54,54,567.2776,545.7323608398438,598.69775,492.76694,611.26587,477.50577,611.26587,477.50577,576.2548,514.3122,545.2835083007812,560.9936,499.05103,546.63007,506.23276,168.89296,191.8311004638672,193.1804,190.4818,266.0428,261.5451,319.11536,315.51724,327.21118,321.814,324.5125732421875,425.26056,425.26056,504.41968,504.41968,48.252830629675984,131.74717021078231,189.78672716594482,192.1204388807981,258.7539838633745,259.3388674849099,273.8672612362143,266.58754680015863,94.78592145655098,85.21413457444827,178.5625097358571,193.5761161174679
55,55,565.5265,546.2631225585938,598.6774,493.84882,612.117,478.6173,611.22107,478.6173,576.27814,515.3521,545.8151245117188,561.9426,498.32867,546.71106,509.08035,169.46806,190.58749389648438,192.83424,188.34076,266.52765,261.13547,318.65222,315.05746,326.74054,322.24704,324.4937744140625,423.8001,424.6988,502.8857,502.8857,50.086054649101754,129.9139620001841,191.32026855915277,191.81803908548494,257.2099762779897,260.63645267627965,274.18358475635847,264.7839874999627,94.02645969730362,85.97359739057133,177.50025139538005,197.26388551451953
56,56,564.57684,546.2030029296875,598.6356,493.7704,612.9762,478.53357,612.0799,478.53357,576.2286,515.28125,545.7548828125,561.888,496.45923,546.6512,515.28125,169.30444,190.41131591796875,192.65674,188.16591,264.50995,263.6118,320.1962,318.39987,325.5852,321.0944,323.33978271484375,426.17972,426.17972,506.1164,512.40356,51.41214231530209,128.58787432822686,192.20902643433317,191.4177216982305,256.2609338239143,261.03446950582406,273.89915409115065,264.05944224848804,94.02101289572909,85.97903576275978,177.3216009674492,202.46876286963604
57,57,564.6757,546.290771484375,598.75507,493.82654,613.1043,478.5805,613.1043,478.5805,576.3345,515.3503,545.8424072265625,561.9852,497.41382,546.7392,514.4535,168.7955,190.82000732421875,193.06741,188.5726,264.08517,263.18622,318.92166,318.0227,325.21436,323.41644,324.3153991699219,425.8978,426.79675,503.20825,512.1979,52.59944256829636,127.40055458159861,191.42291264199972,191.54846517932287,256.1242204750796,260.904422726706,276.4223963038909,261.84585869660094,91.49624906079264,88.50375431743888,176.95521595999136,201.12658971659351
58,58,565.1022,545.8438720703125,598.24426,493.44354,612.5759,479.11182,611.6802,478.2161,576.74664,515.83685,546.291748046875,564.2064,497.0265,546.29175,514.94116,169.62758,190.738037109375,192.98383,188.49225,264.8492,263.95087,320.54486,317.8499,325.93475,323.2398,324.5872802734375,422.953,427.44458,505.59818,514.58136,50.08103783026629,129.9189593147343,192.19955979214353,189.80193116703725,256.26772224894614,261.70009632133457,274.8316145630827,262.3009259603625,92.725110548611,87.274889451389,175.13449243294107,201.85017995726466
59,59,567.76135,546.2388305664062,599.1483,493.3293,611.7031,478.98096,612.5999,478.0842,576.72906,515.7486,546.2388305664062,564.1742,496.91638,546.23883,514.8518,167.22462,191.0641632080078,192.41357,189.71475,263.48236,262.58276,318.3583,317.45868,324.6555,322.85632,323.75592041015625,421.81287,425.41125,504.57654,512.673,49.384992414700115,130.6150084276007,189.0820975304096,190.2033004034239,258.5206901388567,260.32142659889456,275.67314011210397,261.2846586275235,91.68993208955675,88.31001061315695,175.13574918774836,202.01991015813948
60,60,567.4892,546.4400634765625,598.83905,494.04102,610.4833,478.81393,612.2747,477.02252,576.4463,515.5381,545.9921875,563.9064,496.72815,546.8879,512.85095,162.87492,189.87057495117188,190.77042,188.97072,262.7588,261.85892,316.75006,316.75006,323.9489,323.04907,323.4989929199219,425.63248,425.63248,503.02002,512.0185,53.03947046985031,126.96051399609567,187.28773853355557,189.93072121402702,259.82806583918523,259.1838938358032,276.1839761325786,260.45594318492596,90.6543759588915,89.34562404110851,174.62776069841783,200.9623236670547
61,61,568.0754,544.7567138671875,597.6722,491.8412,608.4347,476.59442,608.4347,475.6975,574.3535,512.4693,543.411376953125,563.591,495.4287,546.5505,513.36615,158.32309,185.76806640625,188.01765,183.51848,260.00446,256.40512,314.8944,316.6941,322.99292,319.3936,321.1932373046875,420.1751,424.6743,504.75958,508.35892,52.081400849632914,127.91860195486885,188.50311605484598,190.9627081561026,259.0625336938864,260.61931110555093,272.99077604494005,264.1346060381952,92.75956755142434,87.24048221641443,174.9290813238421,201.29211252093958
62,62,566.5638,543.720703125,597.0212,490.4203,605.97925,475.19162,606.87506,474.2958,572.8345,511.0238,541.9291381835938,563.87634,495.79517,547.7519,511.91965,155.38408,184.14340209960938,186.83958,181.4472,256.94043,256.94043,307.26926,314.45908,317.15527,315.35782,316.25653076171875,416.01544,422.30652,502.29337,505.8883,54.436250530538025,125.56372979834865,186.26259544102837,190.51253038790705,259.8219229324171,261.49104807375,273.5119474673352,263.5616813684619,90.888789397249,89.11126713186061,174.59180658262687,199.0232466220664
63,63,566.6683,541.1466064453125,593.53314,488.7601,603.3836,473.53665,603.3836,472.64117,571.14575,510.25198,540.6988525390625,563.9818,493.23758,549.6539,515.625,152.45282,179.89047241210938,180.34026,179.44067,249.60904,254.10701,301.78552,309.88187,317.07864,317.9782,317.5284423828125,414.23486,421.43164,504.19434,513.19025,47.56388904227392,132.4360939836738,188.09359157259036,190.60405492278522,261.4145194426633,258.96805730050187,275.0635284330479,259.8141687101681,88.96722887859305,91.03271455331848,175.16757786928062,203.0507496284345
64,64,569.3442,541.4673461914062,592.72473,490.20996,600.818,473.12415,603.5158,474.02338,572.04193,509.09424,540.568115234375,566.6464,493.80698,548.6614,501.00098,148.22823,177.4687957763672,177.91866,177.01894,241.7981,250.79518,290.38245,305.67755,311.97552,311.97552,311.97552490234375,404.64566,412.74304,463.12683,488.31876,46.87058070624571,133.1294192937543,184.0424424513157,193.97793614633974,262.27648969277607,257.4636041906075,273.33215469845686,261.37353768217406,89.61696064267812,90.38303935732188,166.2376382842442,194.06401019026023
65,65,569.05536,542.5150146484375,593.3464,491.68372,600.54376,473.6903,602.3431,473.6903,572.654,509.6771,541.16552734375,569.05536,494.3827,549.2626,497.9814,146.09912,174.88229370117188,174.8823,174.8823,241.44334,252.23703,291.8139,308.00443,307.10495,307.10495,307.1049499511719,394.3539,406.94653,451.02075,478.90448,47.32151310739992,132.6784868926001,184.12568879691983,193.09465608287368,263.8284645454064,256.90534252845157,272.36185820138627,261.29075196532585,89.41524966504224,90.58475033495777,163.10841443675955,191.57234352066126
66,66,572.0144,544.671630859375,594.4265,494.91675,602.4949,476.98706,602.4949,476.98706,574.70386,512.84644,543.775146484375,568.42847,500.29565,547.8093,502.9851,144.39682,174.49183654785156,173.1443,175.83937,234.23268,251.30148,287.23584,303.40628,309.6948,310.59317,310.14398193359375,404.9208,413.00604,440.85513,500.14682,46.191951546100704,133.80804845389932,187.52388549391958,193.36556870611307,264.0274915958244,255.0830492013817,274.6024054750685,262.1811262840546,88.78928720050376,91.21071279949625,153.9231077390347,188.7546172804642
67,67,579.5471,550.756591796875,600.2403,501.27283,606.53827,483.27878,606.53827,484.17844,576.84796,518.3672,547.6075439453125,568.7507,502.17255,548.9572,501.27283,142.46971,171.66708374023438,170.3195,173.01465,228.71425,246.68187,279.02356,304.17825,308.67014,307.77176,308.220947265625,400.305,402.10175,446.1224,491.04144,43.84204343085739,136.15793699139994,186.1556483390043,194.62278796625898,265.4042847509659,254.71371557927213,274.1697077619288,261.13849152165824,89.55904744129622,90.44095072190174,161.6851122967556,189.16201074369877
68,68,584.2869,556.08544921875,604.87854,507.2924,611.14557,485.80548,607.56433,487.59604,581.60114,525.19806,553.3995971679688,569.9624,507.2924,547.5802,500.13004,141.0029,169.34689331054688,167.09737,171.59642,227.3846,244.48096,277.77393,301.16895,305.668,305.668,305.6679992675781,397.44855,394.74915,444.23865,484.73007,42.50474725557826,137.4952543930601,190.00000665296764,198.23508377298197,266.7049179952846,250.93442556034512,277.2271291510957,258.6347634791971,88.87128205011055,91.12871794988946,161.6628595404397,186.8142015183986
69,69,584.26654,556.065673828125,604.8576,507.2738,612.0198,485.78748,607.5434,487.57803,581.5808,525.17914,553.3800048828125,570.8376,507.2738,547.5607,500.1117,141.04807,169.37423706054688,167.12611,171.62234,227.37541,243.56178,277.73306,301.11337,305.6096,305.6096,305.6095886230469,394.63467,394.63467,444.09302,485.45825,42.48893078617505,137.5110546289348,191.85903388088337,198.41145291773003,265.8588230224268,250.73250005289555,276.88097431022027,258.6280003761599,88.87064873163264,91.12935126836737,161.67765373018196,186.86313299361257
70,70,594.42505,566.1416015625,614.1786,518.1046,616.87225,495.65744,614.1786,494.75952,587.242,530.675,558.95849609375,574.6715,510.0236,551.3264,501.04477,142.09074,169.05897521972656,166.36215,171.7558,229.28804,237.37851,275.13406,295.8097,303.00122,301.20337,302.102294921875,388.40063,391.09747,442.33713,475.5979,40.42313959260959,139.57686040739043,185.81368808801844,198.00358134125355,270.76208342043185,247.90278076695205,276.55320684227706,258.8823136453868,88.72996060758729,91.27003939241273,164.96939509877788,186.8726679376939
71,71,594.63464,566.29443359375,614.4278,518.161,617.12683,495.66873,612.6284,494.76907,587.4371,529.85693,558.64697265625,574.84143,510.0638,549.6501,500.16718,142.16261,168.669189453125,166.42287,170.9155,228.42125,237.40652,277.84024,294.91226,302.1005,301.20197,301.6512451171875,388.3591,393.75027,443.16928,473.71924,40.41322293078797,139.58675556206182,187.69383426084784,197.79312955254713,270.17924364623696,248.63862602652225,277.4137338878577,258.8221787330931,87.60267779439326,92.39725959163914,163.62369756812365,185.01700116284982
72,72,599.22815,573.2086791992188,621.6587,524.75867,622.55597,499.63647,618.96704,497.84204,590.256,531.03925,560.6475830078125,575.9004,511.30035,550.77814,501.4309,141.97218,169.40676879882812,169.8565,168.95702,227.42418,233.72064,275.0974,296.6853,302.98172,298.48425,300.73297119140625,394.7302,396.5292,446.0014,479.2827,47.048298149844506,132.95168380704575,185.19817876077357,199.56912900091217,268.5751992046012,249.33028356598982,274.54952622341847,262.9603027580234,88.87964941988777,91.12040037767814,162.78850203641449,184.5818498108283
73,73,599.68665,573.262939453125,621.1839,525.342,622.97534,502.0533,620.28815,499.36612,591.6251,531.612,561.6185302734375,576.39795,509.21906,554.9007,502.0533,140.59816,167.12277221679688,167.57234,166.6732,227.81468,235.0078,273.6708,295.25015,303.3424,301.5441,302.4432373046875,397.752,402.2477,446.30554,462.49002,45.64669507844818,134.35330492155182,185.05698509025106,196.26520257483693,267.759178127079,251.71821540132828,277.4458417520857,259.1797476599436,86.79817559812318,93.20187913202561,165.28068780039038,185.75319993272882
74,74,599.72595,572.4127197265625,621.2183,523.6071,623.0094,501.2192,618.5318,498.53268,589.8753,531.66675,560.77099609375,577.3381,510.1744,557.6367,498.53268,139.48302,165.97723388671875,165.52817,166.42628,231.09004,235.5806,289.46707,294.85574,305.63303,301.1425,303.38775634765625,393.6476,399.0363,443.04355,443.04355,43.60078475777843,136.39919733054438,185.95094756957903,195.3437417539105,268.96230332631774,251.53408538191175,273.6955742506175,262.02870261916485,89.56871980706649,90.43127097824792,166.3625761045421,177.56490596606338
75,75,596.4114,569.014404296875,617.96967,520.05914,620.6645,499.39914,618.8679,496.7043,588.327,529.04175,558.6843872070312,575.75134,510.17825,552.39655,500.29736,137.41216,166.6435089111328,166.19379,167.09323,227.35478,236.34903,273.22552,297.51004,306.5043,300.2083,303.3563232421875,396.4469,397.34637,441.41824,472.89813,46.3290265998046,133.6709734001954,184.7658004655551,194.08771094668018,268.00344032384805,252.86307280427434,271.89748022027356,265.0723793091696,91.74090177410098,88.25903989680303,160.51542874101258,183.53856573586552
76,76,593.9179,568.3414306640625,618.14825,518.53455,619.04565,496.99646,618.14825,495.20163,588.5333,529.3036,558.91845703125,575.0721,509.56033,551.73914,500.58612,135.57817,168.82728576660156,168.82729,168.82729,224.54202,236.22415,265.87878,297.33063,304.51965,302.72238,303.62103271484375,397.07803,398.87527,442.90787,490.53497,52.43115382580496,127.56884617419503,182.16627144858325,196.03995659638824,269.07721392945916,252.27762531555572,276.53678054091773,260.1347097787673,87.73917675172727,92.26076426033741,161.29318238180193,186.01140840411196
77,77,590.76526,561.6621704101562,609.5703,513.754,612.2567,492.26245,609.5703,492.26245,584.4969,528.08167,556.289306640625,572.85565,506.59012,554.0506,500.3218,134.18938,167.48306274414062,166.58324,168.38289,227.77164,239.46942,283.56107,301.55768,304.25717,304.25717,304.2571716308594,395.13992,396.9396,447.33008,481.52362,47.76622120032944,132.23377879967057,185.27068804900242,196.82161710538284,268.5621349137231,252.10234653064245,277.29930921567814,256.9447717391535,87.75042060668001,92.24957939331999,167.48428441155494,188.81692226607305
78,78,588.67145,559.9415893554688,608.4232,511.45996,611.11664,491.7082,608.4232,490.8104,583.28455,524.92706,554.1058349609375,572.5109,503.37973,551.8613,499.78848,134.71622,167.05264282226562,164.35794,169.74733,224.5396,238.01308,275.73892,302.68594,303.58417,305.38065,304.482421875,393.40753,398.79694,442.8104,485.9256,45.19861941524778,134.80136260739323,185.57386648588096,195.34176099905122,270.6187828545786,250.6815990493896,278.60278377471786,255.24815886400052,85.80520965579736,94.19472679024291,164.15538681387412,190.6283840566088
79,79,586.43744,556.8250732421875,605.2817,508.36847,606.17896,486.83224,606.17896,489.52426,578.3613,520.03394,549.1976318359375,569.38794,503.88174,550.5437,501.18973,137.89325,168.0169677734375,166.66814,169.36578,220.62108,240.40381,269.1787,305.14734,306.04657,306.94577,306.49615478515625,395.96814,401.3634,445.42496,489.48654,43.8959855916729,136.1039963800861,180.9528610217738,199.24642988338576,270.64168154852916,251.54009957258944,276.58194905866105,259.40902568996626,85.9641341637239,94.03592577768211,164.84068701405818,187.95795767605225
80,80,584.625,556.3206787109375,604.39307,508.24826,605.2917,485.78452,605.2917,486.68307,577.43665,518.1323,547.7844848632812,567.55255,501.05984,550.4801,501.05984,137.86359,168.39849853515625,167.50041,169.2966,223.18176,239.34732,275.27075,304.9076,305.80566,306.70377,306.25469970703125,402.79898,409.98367,445.90707,498.8942,46.100765849071294,133.89925165170501,180.92472064239334,198.56514583443368,270.14567804476974,251.14979132417722,276.68622344525716,259.74606751054733,85.58912323350854,94.41093572096477,164.2131565538741,189.38630049566365
81,81,580.69244,554.1796264648438,603.16095,505.19827,601.3635,485.426,603.16095,485.426,576.1987,516.8819,546.540283203125,567.2113,502.502,547.439,501.6033,140.93567,168.36370849609375,165.21623,171.51118,224.5687,239.85645,272.23053,302.80606,309.10098,310.00027,309.5506286621094,401.7268,404.42462,445.7915,480.86343,42.29535501070504,137.70464270483123,183.8943093085965,196.13515577303988,275.4113070965071,250.18815251346263,276.41060929927653,260.47237186115643,86.0342758057296,93.96572598148903,161.37578668962408,187.9854150365157
82,82,580.08307,553.622802734375,602.507,504.7386,600.71313,484.10852,602.507,485.0055,575.59827,516.39905,545.9986572265625,566.62866,502.04773,547.7926,502.04773,139.91972,169.1393280029297,165.9926,172.28606,225.33087,243.31216,272.9813,307.14575,308.94388,308.94388,308.9438781738281,404.24472,408.74005,448.2989,478.86713,44.15398909568898,135.84601090431102,183.8876567043449,197.00136036358091,275.414717335225,250.1205546876974,275.37677247196217,261.8166094900338,86.87850584065399,93.12149415934601,162.22685558096433,188.18340856017602
83,83,579.0151,552.1474609375,600.50916,503.78577,600.50916,484.0829,603.1959,484.0829,576.3283,516.324,546.326171875,567.37244,502.8902,551.25183,502.8902,141.07988,168.07847595214844,165.37862,170.77834,226.57541,241.8746,269.77313,305.77127,309.3711,310.27103,309.821044921875,403.8661,409.2658,444.364,472.2625,41.944019764900396,138.0559802350996,183.55902898261888,195.48962093420366,273.19530076812686,251.3150702163427,276.2733187510204,261.4127872943609,86.78899778494133,93.21105873427176,163.70858315912855,187.72797154631957
84,84,578.57916,552.6163940429688,600.9609,504.2719,601.8561,483.68076,602.7514,485.47122,574.9981,515.9104,545.4542236328125,566.04535,503.37665,549.93054,502.48138,139.15349,169.7320556640625,167.03395,172.43018,225.49295,244.37971,272.26016,308.23495,310.0337,310.0337,310.03369140625,402.66873,403.56808,447.63718,480.01453,46.47267642690607,133.52734160099476,179.78149359702928,197.57665353699275,272.31704162795035,250.8350865152238,275.52023438467,262.367743416529,87.0776803023576,92.9223196976424,165.80465893237874,186.9613101327423
85,85,578.4975,552.8841552734375,600.96533,504.80304,601.864,483.23395,602.76276,485.03137,574.90265,516.4863,545.6944580078125,566.8142,503.00565,566.8142,503.00565,139.4804,169.1241455078125,166.42924,171.81903,225.71674,243.68263,272.42807,308.35992,309.2582,309.2582,309.2582092285156,402.68088,406.27408,479.03598,479.03598,45.963710254376444,134.03627568326857,179.76676770917874,198.298440607723,272.339588307635,250.08543318696218,274.9482715049377,262.0892128036282,87.06296656061575,92.93703343938425,184.94823481828612,187.91078838964413
86,86,579.4529,552.5723266601562,600.95734,504.18735,602.7493,485.37097,601.85333,484.47498,574.9728,515.8356,545.4041748046875,566.0126,504.18735,554.3644,502.39532,138.75893,168.4563751220703,165.7566,171.15614,226.95135,239.5503,273.74734,302.54486,311.5441,309.74423,310.6441650390625,399.7365,398.8366,451.03214,485.2292,44.656621342293356,135.3433806678533,182.77417194509272,194.5675727170086,271.516318516868,251.4238731147831,274.057968794147,264.29449925475745,88.85725847846305,91.14274152153695,173.0074759027507,186.260491742764
87,87,579.322,553.8203125,602.5867,505.05396,604.3763,485.36844,601.6919,484.47366,575.74286,517.5811,546.6619873046875,565.9001,505.05396,552.4781,502.36957,139.16406,168.37301635742188,166.12617,170.61986,228.139,241.62006,279.367,301.83542,308.1266,307.22784,307.6772155761719,398.89902,392.60785,447.4308,477.98782,46.238531951358986,133.761468048641,184.65265155176465,194.64523196787164,270.9849321702395,251.86547690791707,275.3033124334046,262.53827240561196,87.94366107251327,92.05633892748675,170.7292389843363,186.54619855574563
88,88,579.4024,555.1403198242188,603.66455,506.61606,606.3603,486.8469,600.96875,487.7455,578.50385,520.095,549.2994384765625,566.822,503.92026,556.9375,500.32587,139.71953,166.67723083496094,165.77864,167.57582,233.17287,240.36157,287.98685,303.26285,302.3643,302.3643,302.3642883300781,397.61475,396.7162,456.9217,456.9217,46.9517046426803,133.04829469025523,187.90820657813788,196.01387893413715,268.7703185119444,253.74370635031852,276.9920229739785,260.2723614096293,87.53512695750696,92.46487304249304,177.52986709562123,186.31099416148706
89,89,580.5176,556.7158203125,605.6666,507.76498,609.25934,488.00497,605.6666,491.59772,580.5176,523.034,551.7757568359375,569.73944,506.8668,558.96124,500.57953,140.76941,167.72218322753906,166.82376,168.6206,232.40878,242.29149,289.0096,306.97812,300.68915,300.68915,300.68914794921875,395.0238,385.1411,454.31985,454.31985,47.50109555267115,132.49890379195827,186.76744204334068,198.19346060017992,267.9159658561855,253.93405607528604,276.5180235889463,259.1626044160179,87.87229357344316,92.12770642655686,176.21586164271582,185.64434037773714
90,90,581.57635,556.5089721679688,605.7484,507.26953,608.4342,490.2595,603.9579,492.9453,580.6811,524.27954,552.4803466796875,569.9379,507.26953,556.509,499.21216,140.43047,166.9266357421875,165.57938,168.27391,231.14616,241.02608,290.42572,304.7965,298.5093,297.6111,298.0602111816406,388.3268,381.14136,459.28262,459.28262,45.019915676918174,134.9801020651635,186.66397833779334,195.57150124197375,269.2216240260304,255.27286768623355,275.90844451380025,259.4020874551742,89.15269663470329,90.84730533958388,176.10383287994927,185.62315313093177
91,91,581.898,558.1456298828125,606.9949,509.29642,611.47644,489.5775,604.30597,491.37015,581.0017,524.5338,552.7677612304688,571.1423,509.29642,561.2828,500.33328,139.05399,167.35333251953125,166.00575,168.70093,228.89319,238.7755,290.88223,302.56134,300.76453,299.86615,300.3153381347656,390.60373,382.5182,464.27188,464.27188,48.4121969114684,131.58782195881514,190.6744605127497,197.32635442466847,267.50399339503605,252.70325136545887,275.3514118986596,260.46593627893014,88.59531052364727,91.40468947635273,178.63973185461327,184.1888134052291
92,92,582.9011,558.7137451171875,607.98425,509.44327,612.46344,489.73508,607.08844,491.5267,582.0053,525.5682,553.7867431640625,570.35956,509.44327,557.818,500.48502,138.70792,165.67782592773438,162.98083,168.37482,230.40562,238.49658,287.04242,301.4264,301.4264,298.7294,300.077880859375,391.32608,383.23514,441.66992,453.3569,44.980191854820724,135.01981008195375,189.2219798046115,197.32915480222815,269.3324464864302,251.1684700161453,274.64511135148325,261.93291689166415,90.63649430045065,89.36356752212558,173.3923843832376,183.52281531963948
93,93,585.319,561.5765991210938,611.30115,511.85205,613.989,492.14142,611.30115,493.9333,584.42303,527.083,555.7530517578125,573.6718,509.16425,561.12866,498.413,133.84352,165.75222778320312,164.40398,167.1005,229.12024,238.10861,285.74698,301.92606,302.8249,298.3307,300.5777893066406,393.60742,388.2144,439.4481,439.4481,51.79494230146551,128.20507526776248,185.09588984776346,197.12206346659337,269.1748563746458,252.93308333787525,272.27240694066677,263.2071744960379,92.00832570469129,87.99168379719212,171.45102605506656,179.42325017506212
94,94,586.0882,562.724609375,612.1476,513.30164,614.8434,493.5324,613.04614,493.5324,586.9868,527.6792,557.3330078125,573.50775,509.70718,560.9274,500.7212,135.25208,166.25747680664062,164.01071,168.50426,230.5151,238.60349,287.1337,298.81693,299.7156,298.81693,299.2662658691406,394.97864,387.78897,456.9895,456.9895,50.39790703613097,129.60211061681673,184.13937649601652,195.74938668871758,270.28161779390166,251.6477171320915,277.1853684660535,259.4482659199997,88.54687755675108,91.45312244324892,176.5853338956785,184.02117324224028
95,95,586.66425,565.137451171875,613.57275,516.70215,619.8514,495.17532,617.1605,496.96924,589.3551,528.3625,558.8587646484375,575.0039,508.6296,563.3435,499.6601,135.03322,165.58987426757812,163.79242,167.38731,228.50063,240.18407,285.1203,299.49994,304.89227,303.09482,303.9935302734375,396.56223,395.66348,439.70102,439.70102,52.71047199348506,127.28950998119439,188.26300758476336,198.20582324257762,266.5832456073603,251.40117651969058,277.20955172044523,259.6543591024594,89.0906032324976,90.90945067705206,173.77200629730692,180.52115208509397
96,96,587.7048,565.2308349609375,613.7746,516.687,619.16833,496.01093,616.47144,497.80887,588.6037,530.1714,559.3875732421875,574.2204,507.69736,559.83704,498.70782,135.00952,165.56918334960938,162.87276,168.26562,228.48611,239.2719,285.11136,298.59357,304.88525,300.3912,302.63824462890625,396.56424,396.56424,440.6061,440.6061,50.48949382909264,129.5105201361027,187.42618646803172,197.97087839550753,268.47987571624685,250.58582271007452,274.5183653651231,261.24497004094536,91.95691052137505,88.0430391342843,170.8301208783774,181.61652318266727
97,97,588.96906,568.2939453125,616.8354,519.75256,620.4311,498.17862,616.8354,499.97644,589.8679,531.4384,560.6531982421875,576.3842,507.16772,564.6983,499.97644,134.18152,164.70831298828125,162.91263,166.50401,230.25117,237.43393,287.7134,300.28326,306.5682,302.07895,304.3235778808594,403.53568,410.71844,433.16464,433.16464,53.772533660303246,126.22748698720605,186.63713569435518,198.55610266397258,269.06202360148234,250.9638229610105,273.5229131472356,261.8001025197339,91.2610138548726,88.738995288084,166.39174101229804,174.82895075060972
98,98,590.78107,568.81005859375,617.68427,519.9359,620.3746,498.4133,617.68427,500.20688,590.78107,532.4907,561.6358642578125,577.3294,509.17456,562.0843,501.10364,133.07918,165.44125366210938,164.54231,166.3402,230.16542,237.35701,287.69803,299.38434,305.67694,300.28326,302.9801025390625,400.06635,400.9653,452.20526,452.20526,54.773218552244515,125.22678276336833,185.02492418228704,198.51643292527314,268.70611674541817,252.08613227518202,272.8241547568937,262.24777011632074,92.30067748932595,87.69931150233617,171.81213815648513,184.0876309828645
99,99,590.0071,569.8206787109375,617.8195,521.82184,622.30536,498.4953,619.6139,499.3925,590.0071,532.5879,561.2974853515625,577.44666,510.15857,555.0173,501.18683,134.70517,165.25059509277344,165.2506,165.2506,229.93501,238.91896,284.7371,299.1114,306.29855,300.0098,303.1541748046875,393.44287,397.93484,442.85452,475.19675,56.54068136859996,123.45931863140004,186.77879381774125,198.42395216391117,266.0329107020423,252.42999800195034,271.95143383881197,263.3494998489486,92.7136357294072,87.2863642705928,163.7870893534487,186.27719838547384
100,100,590.2764,570.1185302734375,618.94543,521.2917,621.6332,498.89404,619.8414,500.68582,592.06824,532.9385,562.5033569335938,577.73376,506.0613,562.50336,498.89404,134.32838,166.6511993408203,166.6512,166.6512,232.19467,239.37753,286.066,298.636,304.0231,303.12527,303.5741882324219,401.8894,416.2551,439.59933,439.59933,58.05056041844195,121.94943958155805,184.25320842872398,198.8492543831495,267.651784885285,252.88265579134443,277.46294447486787,257.5054591079071,87.68660357602316,92.31339642397684,166.33988621611928,176.29667644097543
101,101,589.89465,569.7489013671875,618.5465,520.95123,622.128,499.4624,620.3372,500.35773,591.6854,531.6957,561.6905517578125,578.2549,509.31143,561.24286,500.35773,132.48576,165.71005249023438,165.71005,165.71005,231.26067,238.44429,286.03586,298.60718,304.89285,303.09695,303.9949035644531,399.178,403.6678,444.07565,444.07565,58.76921434409148,121.23078565590853,184.99991202954644,197.31201102741142,266.8726460807724,253.54058668345752,276.3922773084172,259.1668363382886,88.37968069164427,91.62031930835573,167.35497527018825,180.05594790072442
102,102,589.6597,568.9822998046875,617.5295,520.43506,621.1256,498.8585,618.4285,498.8585,590.55884,530.3243,560.4415283203125,577.0735,509.6468,553.69885,498.8585,132.18452,164.06741333007812,163.61836,164.51648,231.8747,238.16145,288.4556,298.33478,307.3159,301.0291,304.1724853515625,397.12683,404.31174,442.93042,456.40207,56.50489232194871,123.49512501879292,185.74494906421143,196.32957027757513,267.5140805700186,253.1404487361931,272.58082132398107,264.6373371126077,92.47007787905315,87.52996756416874,161.50304677423975,179.62102513266902
103,103,588.49115,568.3532104492188,617.13196,519.57446,620.712,498.09387,618.0269,498.98892,591.1763,531.2097,561.1929931640625,576.8559,511.51926,560.7455,499.8839,132.55365,166.26394653320312,165.81448,166.71342,233.23508,239.52765,288.96942,299.75674,302.45355,301.55463,302.00408935546875,395.0445,395.0445,447.1831,447.1831,58.61871982488786,121.38129809664626,185.79769178498228,197.2877365351012,267.4883893972192,253.03571087831156,277.9330384568644,258.9652476028223,87.83930328395124,92.16069671604876,171.62109776539987,179.31357099737005
104,104,586.902,565.8565673828125,615.5596,516.1536,618.2462,498.24258,617.35065,496.45148,586.902,527.7957,557.348876953125,572.5732,507.1981,560.9311,499.13812,133.2209,165.13436889648438,164.68488,165.58385,231.2087,238.40048,283.349,296.8336,304.92432,301.32843,303.1263732910156,401.11417,402.9121,463.14316,463.14316,56.07890734637848,123.92107570151897,183.2967497184904,192.0632428766884,268.20544207575136,255.66290532840588,274.9912345142204,262.01925956156146,89.95343348518558,90.04657368725879,177.84259413695943,183.84037813491005
105,105,585.92004,565.2576904296875,614.6678,515.84753,617.36285,496.08356,615.5661,496.08356,585.92004,526.628,556.2740478515625,573.34296,502.3721,558.9691,496.08356,134.58972,167.39317321777344,166.94382,167.84253,232.55067,237.04431,286.47415,299.95505,306.2461,301.75247,303.999267578125,404.20706,420.3841,444.64966,444.64966,57.27279269775824,122.72720665862775,184.26070797643263,195.9392932684006,268.1687228285663,253.53964094292814,272.98203397009524,262.77836101017937,90.57154559534416,89.42852193693165,167.75018367594353,177.02678268211477
106,106,585.151,564.1229858398438,613.78485,514.4611,617.3641,494.77533,613.78485,493.8805,586.0458,525.19885,555.622314453125,574.4133,505.51303,559.20154,497.45978,135.04205,168.28834533691406,170.08543,166.49126,234.78093,236.57805,288.69385,295.88223,304.8677,303.07062,303.96917724609375,400.11386,401.91095,446.83838,446.83838,59.759401577476986,120.24059842252302,186.9648891518674,194.82438782980108,264.7609590209338,256.3835787542263,275.27138359084563,260.42766064836763,88.10667892157456,91.89326365548868,168.92970270409137,181.1018001268151
107,107,585.14197,561.326171875,610.3059,512.34644,613.9007,490.7774,613.002,493.47354,585.14197,524.9284,555.03515625,573.4588,505.15674,563.57294,498.8658,133.06859,168.55023193359375,168.1011,168.99937,231.87823,239.96266,284.87613,301.04498,301.94324,301.04498,301.4941101074219,401.65112,403.44766,425.00613,425.00613,55.60454503157548,124.39547281643213,184.19754238698837,199.43382295345424,267.2993139815032,252.56815754547216,275.8284350297317,259.9266021436207,88.14539999694651,91.85459827065912,163.74083531238935,174.66042266302884
108,108,584.6176,559.0682373046875,608.8223,509.31412,612.40826,489.59174,609.7188,492.2812,582.8247,524.5541,553.6893920898438,572.067,507.52115,555.0341,501.24585,134.22484,166.58184814453125,163.88542,169.27826,229.49823,242.08151,286.123,301.40265,300.50388,301.40265,300.9532470703125,390.38443,390.38443,447.0092,468.5805,48.60295639811333,131.39702418262934,185.84753850554503,197.75344615346935,269.97383938335605,251.74029145418177,277.7088287661383,258.27980805227946,86.82405474968728,93.17600525009473,170.08374512663505,186.24826570414967
109,109,586.4464,559.1126708984375,606.16266,512.06274,608.8512,489.65796,608.8512,489.65796,581.9655,525.5056,553.735595703125,573.00366,508.47797,553.2874,501.30844,137.37279,166.56198120117188,165.21478,167.90916,227.1857,241.55576,282.86972,299.93417,299.03604,299.93417,299.485107421875,386.15454,386.15454,444.53293,460.69925,45.24002657224326,134.7599569878242,182.48420309406902,196.92083243326647,269.15596726753284,251.43907255504632,276.78469271294466,257.91707187613474,86.77215131047241,93.22784671945185,167.2118554863198,185.67789026694024
110,110,587.86285,559.6773071289062,607.548,511.8066,609.3375,489.43716,607.548,492.1215,581.5994,525.22833,553.4138793945312,573.5464,508.2275,552.96643,501.0693,137.71857,166.51336669921875,163.81386,169.21288,221.40347,242.99959,268.19504,301.48904,299.68936,299.68936,299.6893615722656,385.17395,386.0738,442.76358,458.96066,42.38501378081239,137.61498416594947,183.97000146497857,199.4930953350716,271.4477412483979,249.90701944664522,275.3816424998564,258.8662344248374,87.30729454701017,92.69270545298984,165.7170276053275,185.52478474650525
111,111,593.21564,562.3021240234375,609.3444,515.2598,608.44836,491.96268,606.6563,494.6508,581.5671,525.1163,553.3416748046875,570.8145,506.29935,553.7897,500.02707,137.7501,167.39138793945312,163.79851,170.98428,224.87755,244.63841,272.48325,305.71744,306.61566,304.81924,305.71746826171875,399.13242,394.6413,453.92392,453.92392,39.42889932084891,140.57111915601214,178.68463351821694,200.07237733895872,275.20801101003303,248.0800545313445,274.80667779208255,259.9908699254693,88.11634841242181,91.88358970149913,169.36825549031954,185.7923095959163
112,112,596.23395,565.3035888671875,611.4751,519.132,607.889,494.02905,607.889,497.61517,583.6825,528.0974,555.8899536132812,571.131,508.3736,552.3038,500.30478,139.5308,166.0418243408203,162.89645,169.1872,223.1079,245.57486,267.14313,305.78632,303.09027,302.1916,302.64093017578125,392.9581,390.2621,441.48672,468.44708,36.70335162670395,143.29664323741483,183.40846429255512,201.60031797704724,277.3056154389732,247.9109690206863,277.0246026310892,258.3028847993867,86.98399189067663,93.01600810932338,166.74654201892352,186.73122838036127
113,113,608.40045,575.1213989257812,617.39484,532.84796,612.8977,505.865,610.19934,509.4627,589.5124,533.74744,561.6298828125,573.3225,511.2616,577.8197,497.77005,136.73216,166.41055297851562,165.51122,167.3099,225.76736,247.35168,277.9294,304.90976,308.50717,307.60782,308.0574951171875,401.1397,409.23386,490.17496,490.17496,40.50796171827534,139.49205895354012,181.30700633023898,202.2061967375624,275.4870192492471,250.1517048187602,278.98979354844107,258.4476687824129,85.48309477615975,94.5169032016256,192.80530194887527,183.01298267923306
114,114,616.336,579.1953125,618.1259,540.26465,616.336,514.3109,610.0713,516.99585,594.85706,542.0546,568.455810546875,575.16797,523.2605,550.1092,499.99167,134.78151,169.3812255859375,171.62794,167.13449,232.73912,242.62476,265.0921,307.33072,305.5333,302.83725,304.1852722167969,396.3014,389.11185,439.43866,480.77856,46.27441777853739,133.7255650058869,170.71877513452782,201.34917192126588,268.3747600575628,254.3298489511854,279.31585754401476,260.63357274341286,88.36793840628654,91.63205484810298,162.08614002368373,178.0461610949825
115,115,616.2782,578.984130859375,618.0755,539.8928,616.2782,513.8319,609.9876,517.4265,594.7105,541.69006,568.2003173828125,575.8388,523.7171,549.77795,499.4535,134.94655,169.5316925048828,171.77748,167.2859,232.86292,242.7444,265.20227,308.3214,305.62646,302.93152,304.27899169921875,395.45798,388.27148,439.47546,480.79797,46.12971905715983,133.87027582036993,170.67769837685938,202.19077417041652,268.39730116864723,254.23476766823725,278.9543546447444,261.0168119239294,88.33413025895587,91.66587642872393,161.23616396261068,177.19886246806408
116,116,629.40765,594.0384521484375,634.7802,553.29675,625.826,522.8524,625.826,530.01575,609.7084,561.3556,585.531982421875,596.27704,555.9831,553.29675,522.8524,138.00734,168.14453125,168.59435,167.69473,227.96912,245.06186,268.4519,311.63358,295.44046,297.2397,296.340087890625,380.00452,380.90414,435.78082,450.1747,41.0660221160528,138.9339983924863,188.57606247518171,207.62145757949366,277.94351299241447,249.15265708791895,281.15597006459507,264.19482921879586,84.07262989838601,95.92729787781934,151.40767201112405,158.11337415332414
117,117,633.8674,595.6446533203125,634.7668,556.5225,627.5719,525.0449,628.47125,531.3404,612.2828,564.6167,588.44970703125,601.4905,560.1199,555.6231,536.7365,138.76202,169.35305786132812,170.25279,168.45331,229.63539,244.9309,269.22382,307.91248,293.51666,298.9151,296.21588134765625,375.3927,384.39005,442.87292,450.97055,39.989022306450664,140.01095535831323,188.20977309037227,208.07987255582822,275.59090738504847,248.94578663484543,283.9705318522728,260.52692473537434,80.29247116454226,99.70754524312275,153.3044565247716,163.6600341745081
118,118,638.93805,598.1265869140625,633.5563,562.69684,626.3807,530.4065,629.9685,536.6852,612.0294,567.18164,589.6055297851562,586.9146,568.0786,538.47906,551.03644,139.29445,169.40980529785156,171.65723,167.16238,227.39313,245.37247,233.6859,309.19907,293.01767,300.2094,296.613525390625,385.6112,388.30807,450.33676,455.73056,40.05373796001966,139.9462682760045,217.0257401420091,208.05226493120304,273.7064711483713,251.1954863430227,294.2859123038294,261.47296863659574,77.0573355453253,102.94274047593373,158.3673069262869,194.7686671465521
119,119,640.47327,599.6314697265625,635.0876,564.1753,626.1113,532.75854,623.4185,542.6324,610.85175,570.4587,590.6552124023438,584.8206,570.4587,538.1443,565.07294,138.66837,169.2344970703125,169.2345,169.2345,234.86176,251.04382,280.71094,313.9741,296.893,302.28702,299.59002685546875,389.4904,393.9854,455.11765,483.88577,36.811299321233186,143.18870067876682,184.42713236574917,209.92506182048552,277.7883804613558,248.99200873979703,293.3080346494088,262.3938733749978,78.45462990346104,101.54528503767257,160.2800877429706,183.42834014303986
120,120,644.11395,600.968505859375,636.92303,565.01404,627.93445,539.8458,621.6424,547.9356,617.1481,574.9015,596.0247802734375,587.4856,574.9015,544.34015,572.2049,143.00058,173.564208984375,173.56421,173.56421,233.7925,255.3668,284.13257,318.29187,303.01007,303.90903,303.45953369140625,396.49878,402.79126,470.211,489.08853,35.313221623775426,144.68677837622457,181.36372422110676,204.4274562179206,278.48828349382717,252.8984333872945,288.82236171301116,268.78095752482295,86.60145478103266,93.39862795877686,167.26200273520604,181.7898050819105
121,121,646.4572,603.3941650390625,637.4858,569.30255,628.5143,545.0796,624.92566,556.7425,618.6456,580.96545,599.8055419921875,589.93695,575.5826,550.46246,575.5826,145.5823,176.13909912109375,174.34164,177.93657,237.25275,264.21466,287.58163,324.42957,305.5562,308.2524,306.904296875,399.92285,404.4165,463.73267,500.5806,32.3407684852163,147.6592570882463,184.03755203587,206.64409849039984,281.1340794491655,251.2995665111503,291.01383136169113,262.7033012375119,84.33524540348432,95.6648469326778,165.17901360440558,183.20387280615657
122,122,646.6458,603.0791625976562,637.663,568.4953,628.6802,545.13995,624.1888,556.8176,618.7991,581.0712,599.9351806640625,590.054,575.6816,550.5296,575.6816,145.7009,176.25750732421875,174.46005,178.05495,237.37071,264.33243,289.49667,324.5469,305.6737,308.36987,307.02178955078125,400.93842,407.22946,462.95035,501.59546,32.069701839799095,147.93027294876097,183.2014959003254,206.1223813208376,281.1013879403361,251.87785175105583,290.8782180620331,262.7918192814658,84.53507649090528,95.46491032825197,164.27846682271775,183.1205444982824
123,123,658.0233,614.4773559570312,649.9426,579.0121,645.45337,554.76996,630.1898,564.64636,621.21124,585.29706,603.254150390625,591.58203,584.39923,547.58716,576.3185,153.03098,185.85630798339844,184.50732,187.20529,245.66138,271.74176,292.42624,332.89584,308.61407,309.51343,309.0637512207031,400.34515,401.24448,469.5931,492.97552,34.831017551310424,145.16898244868958,166.1223856721894,205.1751297056052,276.3767902094239,251.82064935159713,289.33498271091145,268.0047441570219,83.3606952210518,96.63930477894822,165.471741851854,175.52657261205647
124,124,664.46765,619.1278076171875,654.5917,583.664,650.10254,558.5251,629.4527,567.50323,621.3724,587.25525,604.3138427734375,591.7444,585.4596,548.64905,575.5836,158.5956,190.04635620117188,186.452,193.64073,238.57042,277.20993,297.8776,337.4157,309.5593,313.1537,311.35650634765625,394.9257,403.91162,465.91455,490.1766,28.96045211387104,151.03958218044895,165.72560632292502,205.22378797325237,280.7102507629336,247.4705398968132,295.1545184838184,262.85242809745677,77.0234742245791,102.97640303826452,167.87952013806688,174.6023933758404
125,125,667.8509,623.3873901367188,658.86835,587.90643,653.4788,560.0606,633.7173,569.04315,622.04004,588.8047,605.42236328125,588.8047,586.1099,548.38336,577.1274,160.02704,191.0396728515625,189.6913,192.38805,244.52522,277.78513,299.3591,337.11362,312.8429,315.5396,314.1912536621094,397.34103,406.3302,471.9511,494.42398,32.71885424979951,147.2811457502005,165.79485078073063,206.6692335865455,277.7898168494319,249.76381515121508,296.10984220920017,263.66108078810794,77.06156835490869,102.93843164509131,173.02366345108365,175.87806780712367
126,126,673.7324,629.8759765625,665.6772,594.0748,643.30145,561.85376,634.35114,569.909,624.5058,591.3897,607.94775390625,592.2847,585.1245,547.53326,577.0692,165.66425,193.08102416992188,190.83376,195.3283,248.36401,273.53354,303.19754,334.65942,316.68124,318.47903,317.58013916015625,402.07767,409.269,469.496,492.86765,28.419702997885782,151.5803031094982,191.98251004069886,209.89923004504453,294.84476107324065,244.01622837085935,293.77947444242324,262.9450188740144,76.90346396373141,103.09653603626859,167.09634332707654,178.44392399148734
127,127,674.4092,634.89404296875,673.5111,596.277,651.0593,563.04834,649.2632,572.02905,625.9133,592.6847,609.2990112304688,593.58276,586.3982,547.78107,577.4175,165.5309,192.9695281982422,189.82083,196.11823,247.397,276.1851,286.98056,337.3597,316.66827,317.5679,317.11810302734375,401.23328,408.43024,467.8057,491.19598,30.114065840796318,149.88593415920369,198.70517837279726,210.89061834269353,295.9646380446811,242.79962562246916,292.47355492698256,264.49139330433053,76.79996512278214,103.19992971204552,166.39474629553283,177.7649758672314
128,128,678.3177,636.96240234375,675.6206,598.30426,655.84204,565.04034,640.55853,572.23254,626.17413,592.91016,609.5421142578125,587.516,589.314,550.6559,575.8286,165.8128,192.77789306640625,190.08139,195.47441,246.70813,274.57205,299.7395,338.3895,316.8174,317.71625,317.266845703125,405.80228,407.5999,468.72086,493.88828,29.115696135185228,150.88433264990726,183.1763744645581,209.23890101646603,293.2433216438885,243.20109537638982,295.02969088699734,266.1611138006629,76.03034222167078,103.96955840195156,173.11841183525007,173.40861291270556
129,129,678.55,638.0689697265625,677.6504,598.4875,656.9601,564.30347,639.8681,570.6005,628.1736,593.9896,611.0816040039062,596.6883,588.5921,549.0107,576.8976,165.77652,193.1837158203125,190.93724,195.4302,246.65022,272.70956,300.56604,339.2057,316.74078,318.53796,317.6393737792969,402.10748,408.39764,468.60364,491.06854,30.851118601622026,149.14889841684325,182.78432160619937,209.27154932069868,293.62202902831126,242.88970809859816,293.25467285474855,263.55310971354083,74.7557301401613,105.2442698598387,164.60474495936924,175.38585705477587
130,130,678.03156,636.7908935546875,677.135,596.4468,658.30774,562.37836,639.48047,569.55066,627.8255,592.8606,610.343017578125,597.34326,588.37787,549.8269,576.72296,166.55263,194.3958740234375,192.59953,196.1922,246.48964,274.3329,301.27795,339.00107,316.5468,318.34317,317.44500732421875,401.87283,409.0582,468.33737,491.6897,31.475447312410868,148.52453106028645,180.29341991778742,209.8854057421644,291.8070212207566,243.89394981898164,292.6000668582512,264.2300059896068,74.92845565967508,105.07145483722928,164.09752145122576,174.8005781447975
131,131,676.1914,636.2646484375,676.1914,596.3378,648.37726,563.1403,639.4049,569.4209,626.84375,590.95447,608.8991088867188,585.5711,589.16,548.7846,576.5988,166.68097,194.09405517578125,192.74586,195.44225,248.47083,276.3333,300.60062,338.3498,316.77884,322.1716,319.4752197265625,407.55658,408.45538,468.67432,491.144,32.53893391998408,147.46106312588154,196.75947604431408,208.09590983999942,298.4592297397086,245.75291900880893,302.9945958571175,260.26316516307736,69.14238225228395,110.85761774771605,173.40563495022744,172.55370545505176
132,132,674.73267,631.2350463867188,671.1452,591.3249,646.93005,561.7286,637.9615,568.0066,626.3023,591.3249,608.8135986328125,590.42804,589.5311,550.9663,576.0783,169.54669,194.72518920898438,193.82596,195.62442,247.77988,273.85764,302.63303,335.9046,317.91995,318.81918,318.36956787109375,397.05237,407.84314,460.89783,491.47174,28.77357118173821,151.22642881826178,194.88534043795428,206.49969463096744,295.4618340755039,247.98719415241965,295.8596010325021,267.37300436446594,78.24909013548168,101.75090986451833,172.66742810473247,172.01578707677822
133,133,671.3197,631.7428588867188,672.21924,591.2665,647.9334,559.7849,638.0392,567.8802,625.44653,588.56805,607.00732421875,584.07074,588.56805,548.09174,576.8749,168.27028,194.3336181640625,192.53613,196.13109,246.46028,274.32108,302.18185,338.1313,318.35913,319.25784,318.8084716796875,402.84024,410.03012,463.05554,492.71378,30.824176373023516,149.17580207012028,194.1765853681604,209.1613510486297,296.7881151167612,245.52613365377377,297.4898935745782,268.6039585242336,77.36469933323612,102.63539081795989,175.2353879873605,188.0494412297954
134,134,671.69165,630.8626708984375,671.69165,590.03375,668.1023,558.6269,638.4901,565.8056,625.92737,589.1364,607.5318603515625,590.03375,588.2391,549.65344,576.57367,165.53236,193.41668701171875,191.6177,195.21568,250.08488,277.06976,300.45663,338.23538,315.748,316.6475,316.19775390625,398.5016,407.49652,460.56668,493.84802,31.808388073942456,148.19163706404237,153.0629137149633,207.68538815012496,276.0359319250256,246.48560493576647,294.84894290471703,268.0335876938276,77.84035222450652,102.15955742529361,170.3998326210449,172.87222449680613
135,135,671.5403,631.5848388671875,674.2339,588.93585,652.6849,558.4082,640.1147,565.5912,626.6466,588.93585,607.791259765625,591.6295,586.24225,549.42944,577.26355,165.03029,192.9020538330078,190.20479,195.59932,248.6456,276.5174,300.79282,336.75638,316.97644,317.8755,317.42596435546875,399.69266,408.68353,460.83075,494.09702,31.27976214731332,148.72024301773942,186.687829358375,207.46970443651432,293.8593110066113,245.71144966661745,294.310598088707,266.9352497241896,77.81681042745558,102.18318515339911,168.3298208496675,175.69806500173715
136,136,669.5951,632.36572265625,675.87476,588.8567,654.3445,558.35547,644.4765,564.63513,626.5346,586.1654,606.3499755859375,591.5479,586.1654,549.3845,576.29736,164.27193,191.7032012939453,188.55534,194.85106,247.91484,276.69522,294.68295,335.15533,317.1676,318.067,317.6173095703125,400.81052,409.8044,461.06943,494.34674,32.24534910335602,147.75465089664397,188.02164235987345,206.57020950395864,294.07431862314786,245.42275238318604,293.9752150511889,268.72376251941404,77.04977944954155,102.95013782457877,167.71824571138455,186.65761260148687
137,137,668.6405,630.1173706054688,673.11993,587.1148,651.61865,557.55054,638.18036,565.6135,626.5338,588.0107,607.272216796875,590.69836,587.1148,548.5916,577.26,163.26932,191.1591796875,187.56049,194.75787,246.03923,277.52777,300.91928,338.70557,317.1134,318.01306,317.563232421875,401.68268,409.7797,461.96075,494.349,31.11999073623806,148.88000926376193,186.42821386802282,207.16409445229127,294.97098924352315,245.56028709340904,294.30217699570983,268.10283829242775,78.41762866092796,101.58237557677245,168.0284592431082,173.91262623193916
138,138,668.5704,630.4793090820312,673.05176,587.90686,651.54144,557.434,638.9938,564.60406,627.3424,587.90686,607.6246337890625,591.49194,585.21814,548.4714,576.2555,163.32925,191.20159912109375,187.60516,194.79803,246.04716,277.51593,300.89273,337.75613,317.0767,317.97577,317.5262451171875,401.5928,409.68475,461.83304,494.20084,31.36525667511637,148.63474332488363,187.32033219627488,207.01118017715302,295.0355421109236,244.94769884275476,294.2920127090912,267.0146879325115,78.43888156447296,101.56102980381334,167.45337097537146,175.62588356258846
139,139,668.63837,629.505126953125,671.3372,587.6731,648.84686,556.18665,639.85077,564.28314,625.4569,588.57275,607.0148315429688,589.47235,586.7735,548.9897,576.87775,164.18553,192.0836181640625,188.48387,195.68338,247.87979,277.5778,294.6766,335.17383,316.27512,317.17508,316.72509765625,397.2696,408.06885,462.96506,491.76315,30.566754498978963,149.43327338767844,189.85759720877286,209.03241073747822,295.65756411753864,244.05109133035327,295.35254173799854,267.46824569695514,78.3738909003222,101.6261090996778,172.31272272075537,174.39087607762343
140,140,668.14465,628.6778564453125,669.93866,587.417,649.3082,556.9199,640.3385,564.9927,625.08997,588.31396,606.7019653320312,590.108,586.52,547.9502,576.6533,163.68602,192.93081665039062,189.78137,196.08025,247.37112,277.06583,294.16278,334.65558,316.65875,317.5586,317.1086730957031,398.5442,408.44244,465.13232,492.1275,32.173419077819744,147.8265534243362,188.8574252878512,208.61462172632687,294.0740294354709,245.00002166235103,294.53413160429375,267.4675493731297,78.56256880101003,101.43743119898998,170.79407113993804,174.40654453157944
141,141,667.63544,625.938720703125,664.9453,586.9322,647.90796,556.44434,636.25085,564.5147,623.697,587.8289,605.762939453125,587.8289,586.0355,550.1674,577.0685,163.13094,192.36013793945312,191.0111,193.70917,246.77141,277.34964,299.83365,334.90866,316.92148,317.82083,317.37115478515625,397.86386,406.85748,460.81906,491.3973,33.04948751437885,146.9504931960728,184.60001811402054,208.0087702865684,288.9711218424151,247.99188793812874,295.33595545909793,267.40976190030733,79.39564870463627,100.60435618158488,173.01061778976893,175.0993169587155
142,142,667.6114,626.8383178710938,665.81915,587.8575,645.2086,555.5974,634.45526,564.55853,623.7019,586.9613,605.3316040039062,588.75354,586.9613,550.2207,576.208,162.0805,191.75701904296875,189.95844,193.55559,247.51285,277.18933,300.57083,334.74377,317.65732,318.5566,318.1069641113281,398.5932,410.28394,460.64407,492.11914,33.40708197434141,146.59289564525173,188.24567256464985,209.94292959535426,292.3444755633185,246.2651190753728,294.75697184307325,268.59786316281236,78.93782014103859,101.06217985896143,171.51503858796792,187.4858686609993
143,143,666.97437,624.4362182617188,662.49664,586.3758,647.27246,555.032,634.7349,563.09186,623.09296,586.3758,604.734375,584.5848,586.3758,548.76324,575.6294,162.72214,192.86288452148438,191.5133,194.21248,248.19592,273.38824,301.27966,335.46918,317.47473,318.37445,317.9245910644531,398.4499,406.5474,460.53085,492.02115,33.28899513449906,146.71102780708256,181.7450673428469,208.99468077250305,287.06485241740154,246.37174420501435,296.8373762357435,268.5963021989167,79.64367617812775,100.35632382187227,175.44817570076307,187.1660109021676
144,144,665.0907,623.8568115234375,661.5051,586.20856,648.9557,555.7313,636.40625,562.00604,624.75323,585.31213,605.03271484375,582.623,587.1049,549.4566,576.34827,162.01414,192.60488891601562,191.70515,193.50462,248.38802,271.78094,301.472,334.76193,317.66708,317.66708,317.6670837402344,403.14124,406.74017,460.72382,492.2143,35.202096491253094,144.79790572734535,179.1829094785477,206.96320492842284,283.85278262510394,247.35730906984054,296.23871089728016,271.1530439614989,81.44021708481671,98.5597829151833,176.2977282901076,188.3258180043708
145,145,664.7395,623.816650390625,662.04126,585.5921,649.44965,554.113,635.9586,561.30817,624.26636,584.6927,604.4794921875,581.99445,587.39087,548.71655,575.6986,162.90387,193.01654052734375,191.6682,194.36487,249.19685,272.56787,302.23108,334.59097,317.51212,317.51212,317.5121154785156,403.80515,406.5018,461.3338,491.8959,34.326895670428165,145.67308470932343,178.07349551204086,208.5435057966887,284.36617563683694,246.0534839558487,296.0986025263579,271.736684953074,81.17113622438328,98.82886377561672,176.05106283842176,189.5332042043323
146,146,662.9084,622.9638671875,661.1131,584.8147,648.5463,554.29535,635.9795,560.5787,623.4127,584.8147,604.1137084960938,583.91705,587.50757,548.90955,575.8384,162.17032,192.27896118164062,190.93082,193.6271,248.45183,272.7185,302.37775,333.83456,316.75803,317.65677,317.2073974609375,402.14075,404.83707,462.35806,491.11856,34.983665583309644,145.01633765207742,179.205981857564,206.97026734402465,284.347842165921,246.87575325608722,296.15781811738583,270.43534681702386,80.08562821189187,99.91437178810814,174.65228107753816,189.47147295461372
147,147,662.1344,622.2510986328125,660.34186,584.16034,650.48315,553.68774,636.14307,560.8578,624.4918,585.0566,604.774169921875,583.26416,586.8491,548.31024,576.09406,162.43289,192.98846435546875,191.19109,194.78584,250.50487,273.87088,300.8317,334.08334,315.2108,317.00818,316.1094970703125,401.48538,404.18146,462.59653,491.35474,34.755012041229584,145.24498795877042,173.53267646878967,207.86312333270703,282.13860916109905,246.2260143063407,298.1512126205563,268.5684039321995,79.31120449935804,100.68871507289168,175.77321074298564,188.2113850150164
148,148,660.71606,622.182861328125,662.5083,581.8575,651.7549,553.1816,638.31305,560.3505,624.8713,584.5458,604.70849609375,579.16907,585.44196,547.8049,576.4807,163.968,193.161865234375,190.0179,196.30582,252.897,276.2521,300.50546,337.33466,314.87784,317.57263,316.2252197265625,402.01028,403.80682,457.70316,491.8376,32.690577655270715,147.30940751580746,173.93815747905666,206.42625643701146,284.1627272252631,245.80959283222415,301.50076754489,266.7722034138594,78.09520279857162,101.90489507548742,178.29096873521408,186.40787356467453
149,149,632.0505,609.2130126953125,632.0505,586.3755,549.6564,553.2387,564.88135,561.299,626.67694,589.9578,608.3173828125,581.8975,584.5843,549.6564,576.52405,134.17006,189.04469299316406,186.34595,191.74344,275.4048,275.4048,340.1749,338.3757,313.18735,317.68527,315.4363098144531,404.04532,405.8445,459.81958,491.30505,60.664637279385055,119.33534487444605,236.00182248662375,208.90185850168257,319.51340377243855,241.6528801757026,303.2200975785636,259.52830765244937,82.61031950556637,97.38968049443365,176.20573930236586,178.1000922686689
150,150,657.1385,620.7731323242188,661.62805,579.9182,658.9343,552.083,636.4865,560.1641,623.9158,583.5098,603.7127685546875,583.5098,584.4077,547.5934,576.32654,161.87163,190.65420532226562,187.05638,194.25201,249.11877,276.10242,300.38773,332.76813,314.779,315.67847,315.2287292480469,398.4283,403.82504,462.2896,493.77063,33.32835185109693,146.67162691434024,158.83935496020482,206.89808590487593,277.51795786681924,246.18549992798603,297.05763537196214,269.30836194551614,80.92666020422867,99.07334364714929,176.4284444504433,185.71758732639637
151,151,653.25195,620.507080078125,661.3259,579.68823,661.3259,551.8775,644.2807,559.9516,624.5441,583.2767,603.910400390625,583.2767,584.1738,547.3919,576.09973,165.03365,190.20704650878906,188.40895,192.00514,250.44339,273.81866,290.0016,332.25693,314.27594,315.17496,314.7254638671875,399.68567,403.28183,464.41724,494.08588,35.02985544872747,144.97014455127254,156.68927971137649,206.64079267884156,272.52228421177415,248.70336603890132,297.03650067004395,269.33544214478803,81.15992640839048,98.83998889053271,176.78605949500684,185.66465336032877
152,152,652.4016,619.7093505859375,660.46277,578.9559,660.46277,550.29407,645.23615,558.3552,625.5312,583.43427,604.4827270507812,583.43427,584.3299,548.50275,576.2688,165.53485,190.6884765625,188.8918,192.48517,249.08087,275.13287,289.50635,331.72855,313.76166,314.66,314.2108154296875,399.10434,402.69775,461.98843,493.43048,35.05056616884518,144.9494514663178,159.36066231841687,207.23262857042317,272.52433728856295,248.34935928679727,297.47816806054834,269.3603194531091,81.75012815828588,98.2499548754545,177.20397144956323,185.65998151093646
153,153,650.4504,618.68798828125,660.29224,577.0837,658.5028,549.3475,644.1874,558.2946,625.3983,582.45197,603.9251708984375,585.1361,584.2414,548.4528,576.18896,165.11168,191.20587158203125,187.60667,194.80508,250.59273,275.78714,290.18396,331.5748,313.57877,315.37836,314.47857666015625,399.0598,402.65903,462.94568,493.5389,34.46023332219982,145.53978031786716,161.74830520695656,208.01766319286776,276.5716975696588,246.14938192796902,297.62030358870743,268.7750829604429,80.77141129248211,99.22850060947256,175.35636429793976,186.2380067600163
154,154,647.3467,616.349853515625,659.9251,572.7746,657.2298,548.51624,650.94055,558.3993,623.98676,580.8608,602.4237670898438,588.94684,582.65765,547.6178,575.47003,163.62204,189.6895294189453,184.29625,195.08281,252.61105,275.08304,284.97067,332.61127,313.7348,315.53256,314.6336669921875,399.1283,403.62268,462.0498,493.51056,33.00734658140444,146.99265341859558,171.26079162630336,206.6167777337198,279.3149703342373,246.07561438232352,294.69707127922914,268.78146135715974,81.25312434967832,98.74695659899089,169.01174693640155,185.7403318563325
155,155,646.14044,615.261962890625,657.77576,572.7482,656.88074,548.5825,649.7205,557.5328,623.7648,580.80347,602.2841186523438,584.38354,583.4886,548.5825,576.3283,162.79637,190.22203063964844,186.17563,194.26843,250.91817,275.1966,283.2894,332.7455,312.96307,314.76147,313.8622741699219,400.18564,402.88324,461.3314,492.80344,36.173902410820155,143.8261053480068,168.31957556591246,205.4660411227344,276.2289748224226,247.93704850572414,296.69635990256165,269.34823841519574,81.61085913895838,98.38914086104164,173.95016495161755,186.29805778319906
156,156,641.697,612.4730224609375,655.18506,569.761,655.18506,546.38184,644.39465,557.17224,623.7131,579.6523,601.6826782226562,589.54346,582.3498,549.07947,575.15625,159.65074,188.8677978515625,185.72134,192.01425,260.3372,274.72098,339.44797,334.95303,308.88242,313.37738,311.1298828125,394.28613,401.47803,459.9121,490.47763,40.780013842669234,139.2199861573308,172.23301441314132,205.9409168549687,274.21317946615517,250.00253021888392,297.6310833029017,265.9287130555833,79.13140887159905,100.86866967978222,170.1487412067769,186.37470616606495
157,157,636.2823,604.8519287109375,644.3644,565.3395,648.85443,541.9913,641.67035,552.7674,622.81213,577.9116,600.3618774414062,588.68774,578.80963,548.2773,575.21765,152.40083,186.0887451171875,183.8429,188.33461,238.6419,270.08398,274.57568,330.27304,307.81445,314.10284,310.9586486816406,396.75055,403.93732,458.73633,494.67014,43.73242721373395,136.26759484130946,195.99000059279876,206.09029309211687,268.56897227125467,250.80712010641668,298.9641016461096,262.60021225846094,79.96814202334019,100.03185797665981,167.88999764825368,182.8397964026382
158,158,635.7618,605.176025390625,644.75757,565.59454,649.2555,542.2054,642.05884,553.00037,623.16766,578.1886,600.6781005859375,588.9836,579.0882,548.5025,575.4899,152.01236,186.63168334960938,183.48447,189.7789,235.63828,270.70724,273.40485,330.0547,307.57462,313.86902,310.7218017578125,398.39417,402.89017,457.7416,495.50815,43.993640787307896,136.0063661935296,195.7178995166438,206.4289338711661,269.6169615615127,249.33397970576897,298.5923483859232,262.6126507050435,79.95786393563496,100.0422336619919,166.32806998885516,182.8037876453339
159,159,628.47174,600.14599609375,641.96014,558.3318,636.5648,531.3549,628.47174,542.1457,615.8825,570.0218,592.9521484375,590.70404,570.0218,539.44794,573.6187,146.04675,177.0576171875,176.60818,177.50706,236.83218,262.0004,278.18,321.32553,308.74142,312.3369,310.5391845703125,398.628,405.8189,454.35767,500.19983,46.975189336148844,133.02483067092658,174.04473575086553,208.01609224935865,275.7351361243911,251.677027982646,290.1311602853437,265.5172069545674,82.432220288478,97.56770392349779,153.04269635502004,177.8175273427055
160,160,627.75183,598.5588989257812,641.2255,555.8923,635.836,528.94495,641.2255,537.0292,612.4817,564.8747,588.67822265625,607.0922,566.67126,612.4817,568.4677,145.02592,178.27392578125,178.27393,178.27393,239.37836,255.55302,272.62634,316.65744,310.36728,310.36728,310.3672790527344,396.63235,401.12534,483.79602,500.86932,48.7157120932289,131.2842879067711,194.24813842990545,206.7602936685601,275.0405519632345,250.77626585107723,273.57494371181104,271.13403079771655,85.72220159332254,94.27779840667748,187.11311791723503,180.10087688508474
161,161,621.14014,593.3499755859375,637.27637,549.4236,632.79407,522.5299,634.587,528.80505,610.3827,560.1811,585.2818603515625,597.8322,560.1811,603.211,532.39087,138.60136,170.98228454589844,170.98228,170.98228,234.84462,248.33665,271.72287,310.4001,300.5059,299.60645,300.05615234375,385.05606,387.7545,470.50565,478.60092,49.36293542639059,130.63706457360942,186.79815057384906,204.94441957582052,274.01482984268574,250.82904949360378,277.41675762670536,271.0264051481559,87.44969640859821,92.55037073395917,192.04507457349618,197.00905115658634
162,162,618.965,591.14501953125,636.016,546.2741,630.6315,521.14636,631.52893,526.5308,609.9908,557.94055,583.9656982421875,595.63214,555.2482,552.556,526.5308,138.89429,168.9874267578125,168.53828,169.43658,231.4195,245.79233,271.84314,309.57187,297.89392,296.0973,296.99560546875,381.43613,382.3344,449.70715,471.2664,46.674255170921406,133.32576509114588,186.16611218881275,203.04139226927157,275.46779266892634,251.2107434073327,277.775398681239,270.1887128554763,88.76684712430944,91.23315750833618,157.50212686412138,163.89217864401851
163,163,609.15643,583.1712646484375,627.9733,538.36914,624.3891,513.2799,622.59705,514.17596,596.6118,542.84937,569.7305908203125,583.1712,513.2799,551.80975,489.98285,135.78139,169.4808349609375,170.82881,168.13287,227.44391,242.721,267.88327,306.52527,306.52527,303.8293,305.17730712890625,392.79587,394.5932,441.3231,453.00558,54.088050555673114,125.91197128694373,181.08516178599695,199.39602468658737,271.89912747301594,253.13192360283966,275.9845665406755,254.82596033660198,87.21402717399751,92.7859079427023,155.9820955850917,176.30085651674747
164,164,602.00214,574.6505126953125,619.93756,529.3635,619.04083,504.2539,614.55695,505.15067,592.13763,535.6409,563.8892822265625,577.7893,506.9442,550.88605,496.18295,137.33429,168.8191680908203,168.81917,168.81917,228.19067,244.3829,279.46606,304.65396,304.65396,304.65396,304.6539611816406,392.81168,400.90778,438.68964,478.27066,49.018417813032,130.981582186968,175.86767225920693,199.23393063720462,270.865311620341,251.61849681704552,279.2442589177022,253.3987935288451,85.47032109268808,94.52967890731193,158.85649873502155,188.68210799223533
165,165,602.0105,574.67041015625,619.93854,529.4022,619.0421,504.303,614.5601,505.19943,591.2538,535.677,563.4653930664062,577.8078,506.99222,550.9158,496.2354,137.24773,168.69525146484375,168.69525,168.69525,227.99629,244.16933,279.21082,305.26736,305.26736,304.36887,304.818115234375,392.4219,400.50845,438.24545,477.77948,48.99670896851863,131.00329103148135,175.86454403256704,199.23533765617367,270.8660448821526,251.6052440640189,277.84409488056065,254.31289423349546,86.22048894253956,93.77951105746044,158.3633180958116,188.6881732002183
166,166,601.9052,574.5919189453125,619.81555,529.3682,619.81555,504.29373,614.4425,505.1892,592.0545,535.63684,563.845703125,577.72626,506.98026,550.86066,496.23404,137.36136,168.83384704589844,168.83385,168.83385,228.18198,243.46861,279.4372,304.61517,304.61517,304.61517,304.61517333984375,392.73816,400.83105,438.59805,479.06268,49.047030831202726,130.9529691687973,174.01558450348793,199.40942551773895,270.0,251.429574143941,279.2351202271354,253.41455664118388,85.47484111499702,94.525158885003,158.87253601919272,188.76398830000545
167,167,568.2156,550.2674560546875,597.83,502.70493,596.0352,481.1672,595.1378,481.1672,569.11304,510.7816,539.9473266601562,564.626,492.83344,552.06226,497.32053,141.2151,167.26974487304688,166.37132,168.16818,224.76964,240.04305,269.69144,300.23825,309.22263,309.22263,309.2226257324219,396.37088,412.54272,443.98798,478.1285,54.35627249838026,125.64374657060156,180.615804846612,196.68114743491236,272.84250763750134,252.2366837515036,272.947423342463,260.14526146020046,85.84184988459349,94.15815011540651,168.1668252153143,193.76856352752216
168,168,563.58374,547.0350952148438,593.99744,500.07278,593.99744,478.60422,593.99744,479.49878,566.2673,509.01794,537.642578125,553.74396,490.23303,551.95496,498.28372,143.12508,167.37533569335938,166.47717,168.2735,224.85744,241.02426,269.76532,301.20084,313.77505,314.67322,314.22412109375,439.51715,417.96133,445.80423,491.61026,54.59428242198996,125.40571828982934,180.00000500895632,197.29287283735704,271.0956580478381,252.46314345343882,276.5864181509785,258.79348260781023,85.44153382633564,94.55852915950874,169.8038303140696,196.5459779912378
169,169,557.03125,540.892578125,588.41205,493.37305,590.2052,473.64792,588.41205,475.44116,562.4108,505.02875,533.7197875976562,558.82446,489.78662,580.3427,497.856,141.08179,168.51266479492188,166.26424,170.7611,226.52223,241.81155,271.4909,302.06955,312.86206,312.86206,312.862060546875,418.98807,415.39053,508.02597,487.34036,56.82103171728637,123.17896480841779,183.98801950400906,197.22037720950652,271.0044836967941,251.77522750523568,271.93548596871295,261.54420277198017,87.15528510433913,92.84471489566089,195.52194138935613,194.85493243576937
